Rank,Items,Support,Support (%),Length
1,Diabetes_No,0.8911,89.11%,1
2,Smoking_No,0.7917,79.17%,1
3,Temperature_Temp_Normal,0.7784,77.84%,1
4,Heart Rate_HR_Normal,0.742,74.2%,1
5,"Diabetes_No, Smoking_No",0.7055,70.55%,2
6,"Diabetes_No, Temperature_Temp_Normal",0.6931,69.31%,2
7,"Diabetes_No, Heart Rate_HR_Normal",0.6614,66.14%,2
8,Cholesterol_Chol_Normal,0.6166,61.66%,1
9,"Smoking_No, Temperature_Temp_Normal",0.6162,61.62%,2
10,Blood Pressure_BP_Normal,0.5942,59.42%,1
11,"Heart Rate_HR_Normal, Smoking_No",0.5878,58.78%,2
12,"Heart Rate_HR_Normal, Temperature_Temp_Normal",0.5772,57.72%,2
13,"Cholesterol_Chol_Normal, Diabetes_No",0.5499,54.99%,2
14,"Diabetes_No, Smoking_No, Temperature_Temp_Normal",0.5488,54.88%,3
15,"Blood Pressure_BP_Normal, Diabetes_No",0.529,52.9%,2
16,"Diabetes_No, Heart Rate_HR_Normal, Smoking_No",0.5242,52.42%,3
17,"Diabetes_No, Heart Rate_HR_Normal, Temperature_Temp_Normal",0.5139,51.39%,3
18,Gender_Female,0.4954,49.54%,1
19,Gender_Male,0.4949,49.49%,1
20,"Cholesterol_Chol_Normal, Smoking_No",0.488,48.8%,2
21,"Cholesterol_Chol_Normal, Temperature_Temp_Normal",0.4804,48.04%,2
22,"Blood Pressure_BP_Normal, Smoking_No",0.4699,46.99%,2
23,"Blood Pressure_BP_Normal, Temperature_Temp_Normal",0.4629,46.29%,2
24,"Cholesterol_Chol_Normal, Heart Rate_HR_Normal",0.4572,45.72%,2
25,"Heart Rate_HR_Normal, Smoking_No, Temperature_Temp_Normal",0.4569,45.69%,3
26,"Diabetes_No, Gender_Female",0.4417,44.17%,2
27,"Blood Pressure_BP_Normal, Heart Rate_HR_Normal",0.4412,44.12%,2
28,"Diabetes_No, Gender_Male",0.4409,44.09%,2
29,"Cholesterol_Chol_Normal, Diabetes_No, Smoking_No",0.4352,43.52%,3
30,"Cholesterol_Chol_Normal, Diabetes_No, Temperature_Temp_Normal",0.4281,42.81%,3
31,"Blood Pressure_BP_Normal, Diabetes_No, Smoking_No",0.4184,41.84%,3
32,"Blood Pressure_BP_Normal, Diabetes_No, Temperature_Temp_Normal",0.4119,41.19%,3
33,Age_Age_28_34,0.4089,40.89%,1
34,"Cholesterol_Chol_Normal, Diabetes_No, Heart Rate_HR_Normal",0.4079,40.79%,3
35,"Diabetes_No, Heart Rate_HR_Normal, Smoking_No, Temperature_Temp_Normal",0.4071,40.71%,4
36,"Blood Pressure_BP_Normal, Diabetes_No, Heart Rate_HR_Normal",0.3927,39.27%,3
37,"Gender_Female, Smoking_No",0.3925,39.25%,2
38,"Gender_Male, Smoking_No",0.3915,39.15%,2
39,"Gender_Male, Temperature_Temp_Normal",0.3855,38.55%,2
40,"Gender_Female, Temperature_Temp_Normal",0.3855,38.55%,2
41,"Cholesterol_Chol_Normal, Smoking_No, Temperature_Temp_Normal",0.3797,37.97%,3
42,"Gender_Male, Heart Rate_HR_Normal",0.3677,36.77%,2
43,"Gender_Female, Heart Rate_HR_Normal",0.3672,36.72%,2
44,"Blood Pressure_BP_Normal, Cholesterol_Chol_Normal",0.3662,36.62%,2
45,"Blood Pressure_BP_Normal, Smoking_No, Temperature_Temp_Normal",0.3657,36.57%,3
46,"Age_Age_28_34, Diabetes_No",0.3642,36.42%,2
47,"Cholesterol_Chol_Normal, Heart Rate_HR_Normal, Smoking_No",0.3628,36.28%,3
48,"Cholesterol_Chol_Normal, Heart Rate_HR_Normal, Temperature_Temp_Normal",0.3557,35.57%,3
49,"Diabetes_No, Gender_Female, Smoking_No",0.3498,34.98%,3
50,"Diabetes_No, Gender_Male, Smoking_No",0.349,34.9%,3
51,"Blood Pressure_BP_Normal, Heart Rate_HR_Normal, Smoking_No",0.3487,34.87%,3
52,"Blood Pressure_BP_Normal, Heart Rate_HR_Normal, Temperature_Temp_Normal",0.3439,34.39%,3
53,"Diabetes_No, Gender_Female, Temperature_Temp_Normal",0.3437,34.37%,3
54,"Diabetes_No, Gender_Male, Temperature_Temp_Normal",0.3429,34.29%,3
55,"Cholesterol_Chol_Normal, Diabetes_No, Smoking_No, Temperature_Temp_Normal",0.3385,33.85%,4
56,BMI_BMI_Normal,0.3322,33.22%,1
57,"Diabetes_No, Gender_Male, Heart Rate_HR_Normal",0.3278,32.78%,3
58,"Diabetes_No, Gender_Female, Heart Rate_HR_Normal",0.3274,32.74%,3
59,"Blood Pressure_BP_Normal, Cholesterol_Chol_Normal, Diabetes_No",0.3259,32.59%,3
60,"Blood Pressure_BP_Normal, Diabetes_No, Smoking_No, Temperature_Temp_Normal",0.3253,32.53%,4
61,"Cholesterol_Chol_Normal, Diabetes_No, Heart Rate_HR_Normal, Smoking_No",0.3238,32.38%,4
62,"Age_Age_28_34, Smoking_No",0.3222,32.22%,2
63,"Age_Age_28_34, Temperature_Temp_Normal",0.3183,31.83%,2
64,"Cholesterol_Chol_Normal, Diabetes_No, Heart Rate_HR_Normal, Temperature_Temp_Normal",0.3171,31.71%,4
65,"Blood Pressure_BP_Normal, Diabetes_No, Heart Rate_HR_Normal, Smoking_No",0.3103,31.03%,4
66,"Cholesterol_Chol_Normal, Gender_Female",0.3065,30.65%,2
67,"Blood Pressure_BP_Normal, Diabetes_No, Heart Rate_HR_Normal, Temperature_Temp_Normal",0.3057,30.57%,4
68,"Gender_Female, Smoking_No, Temperature_Temp_Normal",0.3054,30.54%,3
69,"Gender_Male, Smoking_No, Temperature_Temp_Normal",0.3049,30.49%,3
70,Cholesterol_Chol_Borderline,0.3044,30.44%,1
71,"Cholesterol_Chol_Normal, Gender_Male",0.304,30.4%,2
72,"Age_Age_28_34, Heart Rate_HR_Normal",0.3025,30.25%,2
73,"BMI_BMI_Normal, Diabetes_No",0.2969,29.69%,2
74,"Blood Pressure_BP_Normal, Gender_Male",0.2944,29.44%,2
75,"Blood Pressure_BP_Normal, Gender_Female",0.2939,29.39%,2
76,"Gender_Female, Heart Rate_HR_Normal, Smoking_No",0.2913,29.13%,3
77,"Gender_Male, Heart Rate_HR_Normal, Smoking_No",0.2908,29.08%,3
78,Age_Age_18_22,0.2907,29.07%,1
79,Age_Age_23_27,0.2903,29.03%,1
80,"Blood Pressure_BP_Normal, Cholesterol_Chol_Normal, Smoking_No",0.2894,28.94%,3
81,"Age_Age_28_34, Diabetes_No, Smoking_No",0.287,28.7%,3
82,"Gender_Male, Heart Rate_HR_Normal, Temperature_Temp_Normal",0.2863,28.63%,3
83,"Gender_Female, Heart Rate_HR_Normal, Temperature_Temp_Normal",0.2855,28.55%,3
84,"Blood Pressure_BP_Normal, Cholesterol_Chol_Normal, Temperature_Temp_Normal",0.2855,28.55%,3
85,"Age_Age_28_34, Diabetes_No, Temperature_Temp_Normal",0.2829,28.29%,3
86,"Cholesterol_Chol_Normal, Heart Rate_HR_Normal, Smoking_No, Temperature_Temp_Normal",0.2816,28.16%,4
87,BMI_BMI_Underweight,0.2808,28.08%,1
88,"Cholesterol_Chol_Normal, Diabetes_No, Gender_Female",0.2732,27.32%,3
89,"Diabetes_No, Gender_Female, Smoking_No, Temperature_Temp_Normal",0.2723,27.23%,4
90,"Blood Pressure_BP_Normal, Heart Rate_HR_Normal, Smoking_No, Temperature_Temp_Normal",0.2714,27.14%,4
91,"Diabetes_No, Gender_Male, Smoking_No, Temperature_Temp_Normal",0.2713,27.13%,4
92,"Cholesterol_Chol_Normal, Diabetes_No, Gender_Male",0.2712,27.12%,3
93,"Cholesterol_Chol_Borderline, Diabetes_No",0.2711,27.11%,2
94,"Blood Pressure_BP_Normal, Cholesterol_Chol_Normal, Heart Rate_HR_Normal",0.2709,27.09%,3
95,"Age_Age_28_34, Diabetes_No, Heart Rate_HR_Normal",0.2695,26.95%,3
96,"Blood Pressure_BP_Normal, Diabetes_No, Gender_Female",0.2622,26.22%,3
97,"BMI_BMI_Normal, Smoking_No",0.2619,26.19%,2
98,"Blood Pressure_BP_Normal, Diabetes_No, Gender_Male",0.2615,26.15%,3
99,"Diabetes_No, Gender_Female, Heart Rate_HR_Normal, Smoking_No",0.2596,25.96%,4
100,"Diabetes_No, Gender_Male, Heart Rate_HR_Normal, Smoking_No",0.2595,25.95%,4
101,"Age_Age_18_22, Diabetes_No",0.2593,25.93%,2
102,"BMI_BMI_Normal, Temperature_Temp_Normal",0.2588,25.88%,2
103,"Age_Age_23_27, Diabetes_No",0.2587,25.87%,2
104,"Blood Pressure_BP_Normal, Cholesterol_Chol_Normal, Diabetes_No, Smoking_No",0.2576,25.76%,4
105,"Diabetes_No, Gender_Male, Heart Rate_HR_Normal, Temperature_Temp_Normal",0.2548,25.48%,4
106,"Diabetes_No, Gender_Female, Heart Rate_HR_Normal, Temperature_Temp_Normal",0.2544,25.44%,4
107,"Blood Pressure_BP_Normal, Cholesterol_Chol_Normal, Diabetes_No, Temperature_Temp_Normal",0.254,25.4%,4
108,"Age_Age_28_34, Cholesterol_Chol_Normal",0.2522,25.22%,2
109,"Cholesterol_Chol_Normal, Diabetes_No, Heart Rate_HR_Normal, Smoking_No, Temperature_Temp_Normal",0.2512,25.12%,5
110,Blood Type_O,0.2508,25.08%,1
111,"Age_Age_28_34, Smoking_No, Temperature_Temp_Normal",0.2507,25.07%,3
112,Blood Type_B,0.2506,25.06%,1
113,"BMI_BMI_Underweight, Diabetes_No",0.2502,25.02%,2
114,"BMI_BMI_Normal, Heart Rate_HR_Normal",0.2468,24.68%,2
115,Blood Type_A,0.2445,24.45%,1
116,Blood Type_AB,0.244,24.4%,1
117,"Age_Age_28_34, Blood Pressure_BP_Normal",0.2431,24.31%,2
118,"Cholesterol_Chol_Normal, Gender_Female, Smoking_No",0.2425,24.25%,3
119,"Blood Pressure_BP_Normal, Diabetes_No, Heart Rate_HR_Normal, Smoking_No, Temperature_Temp_Normal",0.2412,24.12%,5
120,"Blood Pressure_BP_Normal, Cholesterol_Chol_Normal, Diabetes_No, Heart Rate_HR_Normal",0.2411,24.11%,4
121,"Cholesterol_Chol_Borderline, Smoking_No",0.2408,24.08%,2
122,"Cholesterol_Chol_Normal, Gender_Male, Smoking_No",0.2407,24.07%,3
123,"Age_Age_28_34, Heart Rate_HR_Normal, Smoking_No",0.2386,23.86%,3
124,"Cholesterol_Chol_Normal, Gender_Female, Temperature_Temp_Normal",0.2386,23.86%,3
125,"Cholesterol_Chol_Normal, Gender_Male, Temperature_Temp_Normal",0.2371,23.71%,3
126,"Cholesterol_Chol_Borderline, Temperature_Temp_Normal",0.2362,23.62%,2
127,"Age_Age_28_34, Heart Rate_HR_Normal, Temperature_Temp_Normal",0.2353,23.53%,3
128,"BMI_BMI_Normal, Diabetes_No, Smoking_No",0.2341,23.41%,3
129,"Blood Pressure_BP_Normal, Gender_Female, Smoking_No",0.2328,23.28%,3
130,"Blood Pressure_BP_Normal, Gender_Male, Smoking_No",0.2325,23.25%,3
131,"BMI_BMI_Normal, Diabetes_No, Temperature_Temp_Normal",0.2312,23.12%,3
132,"Age_Age_23_27, Smoking_No",0.2311,23.11%,2
133,"Age_Age_18_22, Smoking_No",0.23,23.0%,2
134,"Blood Pressure_BP_Normal, Gender_Male, Temperature_Temp_Normal",0.2295,22.95%,3
135,"Blood Pressure_BP_Normal, Gender_Female, Temperature_Temp_Normal",0.2287,22.87%,3
136,"Cholesterol_Chol_Normal, Gender_Female, Heart Rate_HR_Normal",0.2265,22.65%,3
137,"Gender_Male, Heart Rate_HR_Normal, Smoking_No, Temperature_Temp_Normal",0.2264,22.64%,4
138,"Age_Age_23_27, Temperature_Temp_Normal",0.2262,22.62%,2
139,"Gender_Female, Heart Rate_HR_Normal, Smoking_No, Temperature_Temp_Normal",0.2262,22.62%,4
140,"Cholesterol_Chol_Normal, Gender_Male, Heart Rate_HR_Normal",0.2261,22.61%,3
141,"Age_Age_18_22, Temperature_Temp_Normal",0.2259,22.59%,2
142,"Cholesterol_Chol_Borderline, Heart Rate_HR_Normal",0.2259,22.59%,2
143,"Blood Pressure_BP_Normal, Cholesterol_Chol_Normal, Smoking_No, Temperature_Temp_Normal",0.225,22.5%,4
144,"Age_Age_28_34, Cholesterol_Chol_Normal, Diabetes_No",0.2244,22.44%,3
145,"Blood Type_O, Diabetes_No",0.2239,22.39%,2
146,Heart Rate_HR_High,0.2232,22.32%,1
147,"Age_Age_28_34, Diabetes_No, Smoking_No, Temperature_Temp_Normal",0.2229,22.29%,4
148,"Blood Type_B, Diabetes_No",0.2229,22.29%,2
149,"BMI_BMI_Underweight, Smoking_No",0.2223,22.23%,2
150,"BMI_BMI_Normal, Diabetes_No, Heart Rate_HR_Normal",0.2206,22.06%,3
151,"Blood Pressure_BP_Normal, Gender_Male, Heart Rate_HR_Normal",0.2193,21.93%,3
152,"Blood Type_AB, Diabetes_No",0.2178,21.78%,2
153,"BMI_BMI_Underweight, Temperature_Temp_Normal",0.2178,21.78%,2
154,"Blood Type_A, Diabetes_No",0.2176,21.76%,2
155,"Blood Pressure_BP_Normal, Gender_Female, Heart Rate_HR_Normal",0.2176,21.76%,3
156,"Age_Age_28_34, Blood Pressure_BP_Normal, Diabetes_No",0.2163,21.63%,3
157,"Cholesterol_Chol_Normal, Diabetes_No, Gender_Female, Smoking_No",0.2161,21.61%,4
158,"Age_Age_23_27, Heart Rate_HR_Normal",0.216,21.6%,2
159,"Age_Age_18_22, Heart Rate_HR_Normal",0.2158,21.58%,2
160,"Cholesterol_Chol_Normal, Diabetes_No, Gender_Male, Smoking_No",0.2149,21.49%,4
161,"Blood Pressure_BP_Normal, Cholesterol_Chol_Normal, Heart Rate_HR_Normal, Smoking_No",0.2146,21.46%,4
162,"Cholesterol_Chol_Borderline, Diabetes_No, Smoking_No",0.2144,21.44%,3
163,"Age_Age_28_34, Diabetes_No, Heart Rate_HR_Normal, Smoking_No",0.2128,21.28%,4
164,"Cholesterol_Chol_Normal, Diabetes_No, Gender_Female, Temperature_Temp_Normal",0.2125,21.25%,4
165,"Cholesterol_Chol_Normal, Diabetes_No, Gender_Male, Temperature_Temp_Normal",0.2113,21.13%,4
166,Temperature_Temp_Fever,0.2111,21.11%,1
167,"Blood Pressure_BP_Normal, Cholesterol_Chol_Normal, Heart Rate_HR_Normal, Temperature_Temp_Normal",0.2111,21.11%,4
168,"Cholesterol_Chol_Borderline, Diabetes_No, Temperature_Temp_Normal",0.2102,21.02%,3
169,"Age_Age_28_34, Diabetes_No, Heart Rate_HR_Normal, Temperature_Temp_Normal",0.209,20.9%,4
170,"Blood Pressure_BP_Normal, Diabetes_No, Gender_Female, Smoking_No",0.2079,20.79%,4
171,"BMI_BMI_Underweight, Heart Rate_HR_Normal",0.2073,20.73%,2
172,"Blood Pressure_BP_Normal, Diabetes_No, Gender_Male, Smoking_No",0.2063,20.63%,4
173,"Age_Age_23_27, Diabetes_No, Smoking_No",0.2062,20.62%,3
174,"Age_Age_18_22, Diabetes_No, Smoking_No",0.205,20.5%,3
175,"BMI_BMI_Normal, Cholesterol_Chol_Normal",0.2044,20.44%,2
176,"Blood Pressure_BP_Normal, Diabetes_No, Gender_Female, Temperature_Temp_Normal",0.2041,20.41%,4
177,"BMI_BMI_Normal, Smoking_No, Temperature_Temp_Normal",0.2038,20.38%,3
178,"Blood Pressure_BP_Normal, Diabetes_No, Gender_Male, Temperature_Temp_Normal",0.2037,20.37%,4
179,"Age_Age_28_34, Gender_Male",0.2034,20.34%,2
180,"Cholesterol_Chol_Normal, Diabetes_No, Gender_Male, Heart Rate_HR_Normal",0.202,20.2%,4
181,"Cholesterol_Chol_Normal, Diabetes_No, Gender_Female, Heart Rate_HR_Normal",0.2019,20.19%,4
182,"Age_Age_18_22, Diabetes_No, Temperature_Temp_Normal",0.2019,20.19%,3
183,"Age_Age_28_34, Gender_Female",0.2018,20.18%,2
184,"Diabetes_No, Gender_Male, Heart Rate_HR_Normal, Smoking_No, Temperature_Temp_Normal",0.2017,20.17%,5
185,"Diabetes_No, Gender_Female, Heart Rate_HR_Normal, Smoking_No, Temperature_Temp_Normal",0.2016,20.16%,5
186,"Age_Age_23_27, Diabetes_No, Temperature_Temp_Normal",0.2013,20.13%,3
187,"Cholesterol_Chol_Borderline, Diabetes_No, Heart Rate_HR_Normal",0.2011,20.11%,3
188,"Blood Pressure_BP_Normal, Cholesterol_Chol_Normal, Diabetes_No, Smoking_No, Temperature_Temp_Normal",0.2002,20.02%,5
189,Height_Height_150_160,0.1996,19.96%,1
190,"Age_Age_28_34, Cholesterol_Chol_Normal, Smoking_No",0.1987,19.87%,3
191,"Diabetes_No, Heart Rate_HR_High",0.1987,19.87%,2
192,Smoking_Yes,0.1984,19.84%,1
193,"BMI_BMI_Underweight, Diabetes_No, Smoking_No",0.1981,19.81%,3
194,"Blood Type_B, Smoking_No",0.1981,19.81%,2
195,Height_Height_170_180,0.1981,19.81%,1
196,Height_Height_160_170,0.1977,19.77%,1
197,Blood Pressure_BP_Elevated,0.1977,19.77%,1
198,Height_Height_190_200,0.1977,19.77%,1
199,"Blood Type_O, Smoking_No",0.1976,19.76%,2
200,"BMI_BMI_Normal, Blood Pressure_BP_Normal",0.1972,19.72%,2
201,"Age_Age_28_34, Cholesterol_Chol_Normal, Temperature_Temp_Normal",0.1969,19.69%,3
202,Height_Height_180_190,0.1968,19.68%,1
203,"Blood Type_O, Temperature_Temp_Normal",0.1963,19.63%,2
204,BMI_BMI_Overweight,0.1955,19.55%,1
205,"BMI_BMI_Normal, Heart Rate_HR_Normal, Smoking_No",0.1948,19.48%,3
206,"Blood Type_B, Temperature_Temp_Normal",0.1948,19.48%,2
207,"Blood Pressure_BP_Normal, Diabetes_No, Gender_Male, Heart Rate_HR_Normal",0.1948,19.48%,4
208,"Blood Type_A, Smoking_No",0.1945,19.45%,2
209,"Blood Pressure_BP_Normal, Diabetes_No, Gender_Female, Heart Rate_HR_Normal",0.1941,19.41%,4
210,"BMI_BMI_Underweight, Diabetes_No, Temperature_Temp_Normal",0.1938,19.38%,3
211,"Blood Type_AB, Smoking_No",0.1935,19.35%,2
212,"Age_Age_23_27, Diabetes_No, Heart Rate_HR_Normal",0.1926,19.26%,3
213,"Age_Age_18_22, Diabetes_No, Heart Rate_HR_Normal",0.1925,19.25%,3
214,"BMI_BMI_Normal, Heart Rate_HR_Normal, Temperature_Temp_Normal",0.1919,19.19%,3
215,"Age_Age_28_34, Blood Pressure_BP_Normal, Smoking_No",0.1913,19.13%,3
216,"Blood Pressure_BP_Normal, Cholesterol_Chol_Normal, Diabetes_No, Heart Rate_HR_Normal, Smoking_No",0.191,19.1%,5
217,"Blood Type_A, Temperature_Temp_Normal",0.1901,19.01%,2
218,"Blood Type_AB, Temperature_Temp_Normal",0.1891,18.91%,2
219,"Age_Age_28_34, Blood Pressure_BP_Normal, Temperature_Temp_Normal",0.189,18.9%,3
220,"Diabetes_No, Temperature_Temp_Fever",0.1886,18.86%,2
221,"Cholesterol_Chol_Normal, Gender_Female, Smoking_No, Temperature_Temp_Normal",0.1885,18.85%,4
222,"Blood Pressure_BP_Normal, Cholesterol_Chol_Normal, Diabetes_No, Heart Rate_HR_Normal, Temperature_Temp_Normal",0.1876,18.76%,5
223,"Cholesterol_Chol_Normal, Gender_Male, Smoking_No, Temperature_Temp_Normal",0.1874,18.74%,4
224,"Cholesterol_Chol_Borderline, Smoking_No, Temperature_Temp_Normal",0.1873,18.73%,3
225,"Blood Type_B, Heart Rate_HR_Normal",0.1861,18.61%,2
226,"Age_Age_28_34, Cholesterol_Chol_Normal, Heart Rate_HR_Normal",0.1861,18.61%,3
227,"Blood Type_O, Heart Rate_HR_Normal",0.1858,18.58%,2
228,"Age_Age_28_34, Heart Rate_HR_Normal, Smoking_No, Temperature_Temp_Normal",0.1855,18.55%,4
229,"BMI_BMI_Underweight, Diabetes_No, Heart Rate_HR_Normal",0.1851,18.51%,3
230,"BMI_BMI_Normal, Cholesterol_Chol_Normal, Diabetes_No",0.1827,18.27%,3
231,"BMI_BMI_Normal, Diabetes_No, Smoking_No, Temperature_Temp_Normal",0.1822,18.22%,4
232,"Blood Type_A, Heart Rate_HR_Normal",0.1817,18.17%,2
233,"Age_Age_28_34, Diabetes_No, Gender_Male",0.1815,18.15%,3
234,"Blood Pressure_BP_Normal, Cholesterol_Chol_Normal, Gender_Female",0.1814,18.14%,3
235,BMI_BMI_Obese,0.1814,18.14%,1
236,"Blood Pressure_BP_Normal, Gender_Male, Smoking_No, Temperature_Temp_Normal",0.1811,18.11%,4
237,"Blood Pressure_BP_Normal, Gender_Female, Smoking_No, Temperature_Temp_Normal",0.181,18.1%,4
238,"Blood Pressure_BP_Normal, Cholesterol_Chol_Borderline",0.181,18.1%,2
239,"Blood Pressure_BP_Normal, Cholesterol_Chol_Normal, Gender_Male",0.181,18.1%,3
240,"Blood Type_AB, Heart Rate_HR_Normal",0.181,18.1%,2
241,"Age_Age_18_22, Cholesterol_Chol_Normal",0.1806,18.06%,2
242,"Age_Age_23_27, Smoking_No, Temperature_Temp_Normal",0.1803,18.03%,3
243,"Age_Age_28_34, Blood Pressure_BP_Normal, Heart Rate_HR_Normal",0.18,18.0%,3
244,"Cholesterol_Chol_Normal, Gender_Female, Heart Rate_HR_Normal, Smoking_No",0.1798,17.98%,4
245,"Age_Age_28_34, Diabetes_No, Gender_Female",0.1795,17.95%,3
246,"Cholesterol_Chol_Normal, Gender_Male, Heart Rate_HR_Normal, Smoking_No",0.1794,17.94%,4
247,Blood Pressure_BP_High,0.1793,17.93%,1
248,"Age_Age_18_22, Smoking_No, Temperature_Temp_Normal",0.1785,17.85%,3
249,"Cholesterol_Chol_Borderline, Heart Rate_HR_Normal, Smoking_No",0.1781,17.81%,3
250,"Age_Age_23_27, Cholesterol_Chol_Normal",0.1776,17.76%,2
251,"Diabetes_No, Height_Height_150_160",0.1771,17.71%,2
252,"Age_Age_28_34, Cholesterol_Chol_Normal, Diabetes_No, Smoking_No",0.1769,17.69%,4
253,"Diabetes_No, Smoking_Yes",0.1768,17.68%,2
254,"Heart Rate_HR_High, Smoking_No",0.1767,17.67%,2
255,"Diabetes_No, Height_Height_170_180",0.1765,17.65%,2
256,"Diabetes_No, Height_Height_190_200",0.1765,17.65%,2
257,"Blood Pressure_BP_Elevated, Diabetes_No",0.1763,17.63%,2
258,"Blood Type_B, Diabetes_No, Smoking_No",0.1762,17.62%,3
259,"Diabetes_No, Height_Height_160_170",0.1762,17.62%,2
260,"Blood Type_O, Diabetes_No, Smoking_No",0.1762,17.62%,3
261,"Cholesterol_Chol_Normal, Gender_Female, Heart Rate_HR_Normal, Temperature_Temp_Normal",0.1761,17.61%,4
262,"Cholesterol_Chol_Normal, Gender_Male, Heart Rate_HR_Normal, Temperature_Temp_Normal",0.176,17.6%,4
263,"BMI_BMI_Normal, Blood Pressure_BP_Normal, Diabetes_No",0.1758,17.58%,3
264,"Diabetes_No, Height_Height_180_190",0.1758,17.58%,2
265,"Cholesterol_Chol_Borderline, Heart Rate_HR_Normal, Temperature_Temp_Normal",0.1755,17.55%,3
266,"Blood Type_O, Diabetes_No, Temperature_Temp_Normal",0.1752,17.52%,3
267,"Age_Age_28_34, Cholesterol_Chol_Normal, Diabetes_No, Temperature_Temp_Normal",0.1748,17.48%,4
268,"BMI_BMI_Overweight, Diabetes_No",0.1744,17.44%,2
269,"BMI_BMI_Normal, Diabetes_No, Heart Rate_HR_Normal, Smoking_No",0.1743,17.43%,4
270,"Heart Rate_HR_High, Temperature_Temp_Normal",0.174,17.4%,2
271,"BMI_BMI_Underweight, Cholesterol_Chol_Normal",0.1736,17.36%,2
272,"Blood Type_B, Diabetes_No, Temperature_Temp_Normal",0.1732,17.32%,3
273,"Blood Type_A, Diabetes_No, Smoking_No",0.1732,17.32%,3
274,"Blood Pressure_BP_Normal, Gender_Male, Heart Rate_HR_Normal, Smoking_No",0.1731,17.31%,4
275,"Blood Type_AB, Diabetes_No, Smoking_No",0.1729,17.29%,3
276,"Age_Age_18_22, Blood Pressure_BP_Normal",0.1727,17.27%,2
277,"BMI_BMI_Underweight, Smoking_No, Temperature_Temp_Normal",0.1725,17.25%,3
278,"Age_Age_23_27, Blood Pressure_BP_Normal",0.1725,17.25%,2
279,"Blood Pressure_BP_Normal, Gender_Female, Heart Rate_HR_Normal, Smoking_No",0.1722,17.22%,4
280,"Age_Age_23_27, Heart Rate_HR_Normal, Smoking_No",0.1717,17.17%,3
281,"BMI_BMI_Normal, Diabetes_No, Heart Rate_HR_Normal, Temperature_Temp_Normal",0.1715,17.15%,4
282,"Age_Age_18_22, Heart Rate_HR_Normal, Smoking_No",0.1709,17.09%,3
283,"Blood Pressure_BP_Normal, Gender_Male, Heart Rate_HR_Normal, Temperature_Temp_Normal",0.1708,17.08%,4
284,"Age_Age_28_34, Blood Pressure_BP_Normal, Diabetes_No, Smoking_No",0.1703,17.03%,4
285,"Blood Pressure_BP_Normal, Gender_Female, Heart Rate_HR_Normal, Temperature_Temp_Normal",0.1697,16.97%,4
286,"Blood Type_A, Diabetes_No, Temperature_Temp_Normal",0.1688,16.88%,3
287,"Blood Type_AB, Diabetes_No, Temperature_Temp_Normal",0.1686,16.86%,3
288,"Age_Age_23_27, Heart Rate_HR_Normal, Temperature_Temp_Normal",0.1682,16.82%,3
289,"Cholesterol_Chol_Normal, Diabetes_No, Gender_Female, Smoking_No, Temperature_Temp_Normal",0.168,16.8%,5
290,"Age_Age_28_34, Blood Pressure_BP_Normal, Diabetes_No, Temperature_Temp_Normal",0.1679,16.79%,4
291,"Age_Age_18_22, Heart Rate_HR_Normal, Temperature_Temp_Normal",0.1677,16.77%,3
292,"Smoking_No, Temperature_Temp_Fever",0.1673,16.73%,2
293,"Cholesterol_Chol_Normal, Diabetes_No, Gender_Male, Smoking_No, Temperature_Temp_Normal",0.1671,16.71%,5
294,Weight_Weight_50_60,0.1668,16.68%,1
295,"Cholesterol_Chol_Borderline, Diabetes_No, Smoking_No, Temperature_Temp_Normal",0.1667,16.67%,4
296,"BMI_BMI_Underweight, Blood Pressure_BP_Normal",0.1667,16.67%,2
297,"Blood Pressure_BP_Normal, Cholesterol_Chol_Normal, Heart Rate_HR_Normal, Smoking_No, Temperature_Temp_Normal",0.1666,16.66%,5
298,"Blood Type_O, Diabetes_No, Heart Rate_HR_Normal",0.1658,16.58%,3
299,"Age_Age_28_34, Cholesterol_Chol_Normal, Diabetes_No, Heart Rate_HR_Normal",0.1657,16.57%,4
300,"Blood Type_B, Diabetes_No, Heart Rate_HR_Normal",0.1656,16.56%,3
301,Weight_Weight_70_80,0.1654,16.54%,1
302,Weight_Weight_90_100,0.1653,16.53%,1
303,"BMI_BMI_Normal, Gender_Female",0.1651,16.51%,2
304,"Age_Age_28_34, Diabetes_No, Heart Rate_HR_Normal, Smoking_No, Temperature_Temp_Normal",0.165,16.5%,5
305,"BMI_BMI_Underweight, Heart Rate_HR_Normal, Smoking_No",0.1644,16.44%,3
306,Weight_Weight_40_50,0.1644,16.44%,1
307,Weight_Weight_60_70,0.1643,16.43%,1
308,"BMI_BMI_Normal, Gender_Male",0.164,16.4%,2
309,Weight_Weight_80_90,0.1639,16.39%,1
310,"Blood Pressure_BP_Normal, Cholesterol_Chol_Normal, Diabetes_No, Gender_Female",0.1618,16.18%,4
311,"Blood Type_A, Diabetes_No, Heart Rate_HR_Normal",0.1617,16.17%,3
312,"Blood Type_AB, Diabetes_No, Heart Rate_HR_Normal",0.1616,16.16%,3
313,"Blood Pressure_BP_Normal, Diabetes_No, Gender_Female, Smoking_No, Temperature_Temp_Normal",0.1616,16.16%,5
314,"Blood Pressure_BP_Normal, Cholesterol_Chol_Borderline, Diabetes_No",0.1612,16.12%,3
315,"BMI_BMI_Normal, Cholesterol_Chol_Normal, Smoking_No",0.1612,16.12%,3
316,"Age_Age_18_22, Cholesterol_Chol_Normal, Diabetes_No",0.1612,16.12%,3
317,"BMI_BMI_Underweight, Heart Rate_HR_Normal, Temperature_Temp_Normal",0.1609,16.09%,3
318,"Blood Pressure_BP_Normal, Cholesterol_Chol_Normal, Diabetes_No, Gender_Male",0.1608,16.08%,4
319,"Age_Age_23_27, Diabetes_No, Smoking_No, Temperature_Temp_Normal",0.1607,16.07%,4
320,"BMI_BMI_Obese, Diabetes_No",0.1607,16.07%,2
321,"Blood Pressure_BP_Normal, Diabetes_No, Gender_Male, Smoking_No, Temperature_Temp_Normal",0.1605,16.05%,5
322,"Cholesterol_Chol_Normal, Diabetes_No, Gender_Male, Heart Rate_HR_Normal, Smoking_No",0.1603,16.03%,5
323,"Cholesterol_Chol_Normal, Diabetes_No, Gender_Female, Heart Rate_HR_Normal, Smoking_No",0.1603,16.03%,5
324,"Age_Age_28_34, Gender_Male, Smoking_No",0.1602,16.02%,3
325,"Age_Age_28_34, Blood Pressure_BP_Normal, Diabetes_No, Heart Rate_HR_Normal",0.1601,16.01%,4
326,"Blood Pressure_BP_High, Diabetes_No",0.1601,16.01%,2
327,"BMI_BMI_Normal, Cholesterol_Chol_Normal, Temperature_Temp_Normal",0.1594,15.94%,3
328,"Age_Age_18_22, Diabetes_No, Smoking_No, Temperature_Temp_Normal",0.1593,15.93%,4
329,"Age_Age_28_34, Gender_Female, Smoking_No",0.159,15.9%,3
330,"Cholesterol_Chol_Borderline, Diabetes_No, Heart Rate_HR_Normal, Smoking_No",0.1588,15.88%,4
331,"Age_Age_23_27, Cholesterol_Chol_Normal, Diabetes_No",0.1587,15.87%,3
332,"Height_Height_150_160, Smoking_No",0.1583,15.83%,2
333,"Age_Age_28_34, Gender_Male, Temperature_Temp_Normal",0.1582,15.82%,3
334,"Height_Height_160_170, Smoking_No",0.1574,15.74%,2
335,"Diabetes_No, Heart Rate_HR_High, Smoking_No",0.1573,15.73%,3
336,"Age_Age_28_34, Gender_Female, Temperature_Temp_Normal",0.1572,15.72%,3
337,"Heart Rate_HR_Normal, Temperature_Temp_Fever",0.1572,15.72%,2
338,"Cholesterol_Chol_Normal, Diabetes_No, Gender_Male, Heart Rate_HR_Normal, Temperature_Temp_Normal",0.1571,15.71%,5
339,"Cholesterol_Chol_Normal, Diabetes_No, Gender_Female, Heart Rate_HR_Normal, Temperature_Temp_Normal",0.1568,15.68%,5
340,"Height_Height_190_200, Smoking_No",0.1566,15.66%,2
341,"Blood Pressure_BP_Elevated, Smoking_No",0.1565,15.65%,2
342,"Cholesterol_Chol_Borderline, Diabetes_No, Heart Rate_HR_Normal, Temperature_Temp_Normal",0.1561,15.61%,4
343,"Height_Height_170_180, Smoking_No",0.1558,15.58%,2
344,"BMI_BMI_Overweight, Smoking_No",0.1556,15.56%,2
345,"Height_Height_180_190, Smoking_No",0.1553,15.53%,2
346,"Height_Height_150_160, Temperature_Temp_Normal",0.1552,15.52%,2
347,"BMI_BMI_Normal, Blood Pressure_BP_Normal, Smoking_No",0.1551,15.51%,3
348,"Diabetes_No, Heart Rate_HR_High, Temperature_Temp_Normal",0.1549,15.49%,3
349,"Age_Age_28_34, Cholesterol_Chol_Normal, Smoking_No, Temperature_Temp_Normal",0.1549,15.49%,4
350,"Height_Height_170_180, Temperature_Temp_Normal",0.1548,15.48%,2
351,"Smoking_Yes, Temperature_Temp_Normal",0.1547,15.47%,2
352,"BMI_BMI_Underweight, Cholesterol_Chol_Normal, Diabetes_No",0.1546,15.46%,3
353,"Blood Type_B, Smoking_No, Temperature_Temp_Normal",0.1544,15.44%,3
354,"Blood Type_O, Smoking_No, Temperature_Temp_Normal",0.1544,15.44%,3
355,"Blood Type_B, Cholesterol_Chol_Normal",0.1543,15.43%,2
356,"Blood Type_O, Cholesterol_Chol_Normal",0.1543,15.43%,2
357,"Height_Height_160_170, Temperature_Temp_Normal",0.1542,15.42%,2
358,"BMI_BMI_Normal, Blood Pressure_BP_Normal, Temperature_Temp_Normal",0.1542,15.42%,3
359,"Age_Age_18_22, Blood Pressure_BP_Normal, Diabetes_No",0.154,15.4%,3
360,"Blood Pressure_BP_Normal, Diabetes_No, Gender_Female, Heart Rate_HR_Normal, Smoking_No",0.1538,15.38%,5
361,"Blood Pressure_BP_Elevated, Temperature_Temp_Normal",0.1536,15.36%,2
362,"Blood Pressure_BP_Normal, Diabetes_No, Gender_Male, Heart Rate_HR_Normal, Smoking_No",0.1536,15.36%,5
363,"BMI_BMI_Underweight, Diabetes_No, Smoking_No, Temperature_Temp_Normal",0.1535,15.35%,4
364,"Age_Age_23_27, Blood Pressure_BP_Normal, Diabetes_No",0.1535,15.35%,3
365,"Height_Height_190_200, Temperature_Temp_Normal",0.1535,15.35%,2
366,"Age_Age_23_27, Diabetes_No, Heart Rate_HR_Normal, Smoking_No",0.1532,15.32%,4
367,"Height_Height_180_190, Temperature_Temp_Normal",0.1529,15.29%,2
368,"BMI_BMI_Overweight, Temperature_Temp_Normal",0.1528,15.28%,2
369,"Age_Age_18_22, Diabetes_No, Heart Rate_HR_Normal, Smoking_No",0.1525,15.25%,4
370,"BMI_BMI_Normal, Cholesterol_Chol_Normal, Heart Rate_HR_Normal",0.1518,15.18%,3
371,"Cholesterol_Chol_Borderline, Gender_Male",0.1516,15.16%,2
372,"Blood Pressure_BP_Normal, Diabetes_No, Gender_Male, Heart Rate_HR_Normal, Temperature_Temp_Normal",0.1515,15.15%,5
373,"Blood Type_A, Smoking_No, Temperature_Temp_Normal",0.1514,15.14%,3
374,"Blood Pressure_BP_Normal, Diabetes_No, Gender_Female, Heart Rate_HR_Normal, Temperature_Temp_Normal",0.1512,15.12%,5
375,"BMI_BMI_Normal, Heart Rate_HR_Normal, Smoking_No, Temperature_Temp_Normal",0.1511,15.11%,4
376,"Blood Type_A, Cholesterol_Chol_Normal",0.1511,15.11%,2
377,"Age_Age_28_34, Gender_Male, Heart Rate_HR_Normal",0.1506,15.06%,3
378,"Blood Type_AB, Cholesterol_Chol_Normal",0.1506,15.06%,2
379,"Cholesterol_Chol_Borderline, Gender_Female",0.15,15.0%,2
380,"Age_Age_18_22, Diabetes_No, Heart Rate_HR_Normal, Temperature_Temp_Normal",0.1499,14.99%,4
381,"Age_Age_23_27, Diabetes_No, Heart Rate_HR_Normal, Temperature_Temp_Normal",0.1498,14.98%,4
382,"Blood Type_AB, Smoking_No, Temperature_Temp_Normal",0.1496,14.96%,3
383,"Blood Pressure_BP_Normal, Blood Type_B",0.1495,14.95%,2
384,"Age_Age_28_34, Blood Pressure_BP_Normal, Cholesterol_Chol_Normal",0.1494,14.94%,3
385,"Blood Pressure_BP_Normal, Blood Type_O",0.1493,14.93%,2
386,"Diabetes_No, Smoking_No, Temperature_Temp_Fever",0.1493,14.93%,3
387,"Age_Age_28_34, Gender_Female, Heart Rate_HR_Normal",0.1491,14.91%,3
388,"Diabetes_No, Weight_Weight_50_60",0.1488,14.88%,2
389,"BMI_BMI_Underweight, Blood Pressure_BP_Normal, Diabetes_No",0.1487,14.87%,3
390,"Heart Rate_HR_Normal, Height_Height_150_160",0.1485,14.85%,2
391,"Age_Age_28_34, Blood Pressure_BP_Normal, Smoking_No, Temperature_Temp_Normal",0.1485,14.85%,4
392,"Heart Rate_HR_Normal, Height_Height_160_170",0.1483,14.83%,2
393,"Blood Pressure_BP_Normal, Cholesterol_Chol_Normal, Diabetes_No, Heart Rate_HR_Normal, Smoking_No, Temperature_Temp_Normal",0.1481,14.81%,6
394,"BMI_BMI_Normal, Diabetes_No, Gender_Female",0.1477,14.77%,3
395,"Diabetes_No, Weight_Weight_70_80",0.1476,14.76%,2
396,"Diabetes_No, Weight_Weight_90_100",0.1474,14.74%,2
397,"Age_Age_28_34, Cholesterol_Chol_Normal, Heart Rate_HR_Normal, Smoking_No",0.1472,14.72%,4
398,"Diabetes_No, Weight_Weight_60_70",0.1471,14.71%,2
399,"Blood Type_B, Heart Rate_HR_Normal, Smoking_No",0.1471,14.71%,3
400,"Heart Rate_HR_Normal, Smoking_Yes",0.147,14.7%,2
401,"Blood Pressure_BP_Elevated, Heart Rate_HR_Normal",0.1469,14.69%,2
402,"BMI_BMI_Underweight, Diabetes_No, Heart Rate_HR_Normal, Smoking_No",0.1468,14.68%,4
403,"BMI_BMI_Normal, Diabetes_No, Gender_Male",0.1465,14.65%,3
404,"BMI_BMI_Normal, Blood Pressure_BP_Normal, Heart Rate_HR_Normal",0.1464,14.64%,3
405,"Heart Rate_HR_Normal, Height_Height_170_180",0.1462,14.62%,2
406,"Blood Type_O, Heart Rate_HR_Normal, Smoking_No",0.1462,14.62%,3
407,"Diabetes_No, Weight_Weight_40_50",0.146,14.6%,2
408,"Heart Rate_HR_Normal, Height_Height_190_200",0.1458,14.58%,2
409,"Blood Pressure_BP_Normal, Blood Type_AB",0.1456,14.56%,2
410,"Diabetes_No, Weight_Weight_80_90",0.1456,14.56%,2
411,"Blood Type_O, Heart Rate_HR_Normal, Temperature_Temp_Normal",0.1456,14.56%,3
412,"Heart Rate_HR_Normal, Height_Height_180_190",0.1455,14.55%,2
413,"BMI_BMI_Overweight, Heart Rate_HR_Normal",0.1452,14.52%,2
414,"Age_Age_28_34, Cholesterol_Chol_Normal, Heart Rate_HR_Normal, Temperature_Temp_Normal",0.1451,14.51%,4
415,"Blood Type_A, Heart Rate_HR_Normal, Smoking_No",0.145,14.5%,3
416,"Age_Age_18_22, Gender_Female",0.1448,14.48%,2
417,"Blood Type_B, Heart Rate_HR_Normal, Temperature_Temp_Normal",0.1446,14.46%,3
418,"Age_Age_23_27, Gender_Female",0.1441,14.41%,2
419,"Blood Pressure_BP_Normal, Blood Type_A",0.144,14.4%,2
420,"BMI_BMI_Normal, Cholesterol_Chol_Normal, Diabetes_No, Smoking_No",0.144,14.4%,4
421,"BMI_BMI_Obese, Smoking_No",0.1439,14.39%,2
422,"Blood Type_AB, Heart Rate_HR_Normal, Smoking_No",0.1438,14.38%,3
423,"Blood Pressure_BP_Normal, Cholesterol_Chol_Normal, Gender_Female, Smoking_No",0.1437,14.37%,4
424,"Age_Age_23_27, Gender_Male",0.1432,14.32%,2
425,"BMI_BMI_Underweight, Diabetes_No, Heart Rate_HR_Normal, Temperature_Temp_Normal",0.1432,14.32%,4
426,"Age_Age_28_34, Diabetes_No, Gender_Male, Smoking_No",0.143,14.3%,4
427,"Blood Pressure_BP_Normal, Cholesterol_Chol_Borderline, Smoking_No",0.143,14.3%,3
428,"Age_Age_18_22, Gender_Male",0.1429,14.29%,2
429,"Blood Pressure_BP_Normal, Cholesterol_Chol_Normal, Gender_Male, Smoking_No",0.1427,14.27%,4
430,"Age_Age_18_22, Cholesterol_Chol_Normal, Smoking_No",0.1424,14.24%,3
431,"BMI_BMI_Underweight, Weight_Weight_40_50",0.1423,14.23%,2
432,"BMI_BMI_Normal, Cholesterol_Chol_Normal, Diabetes_No, Temperature_Temp_Normal",0.1423,14.23%,4
433,"Blood Pressure_BP_High, Smoking_No",0.1423,14.23%,2
434,"Age_Age_23_27, Cholesterol_Chol_Normal, Smoking_No",0.1418,14.18%,3
435,"Age_Age_28_34, Blood Pressure_BP_Normal, Heart Rate_HR_Normal, Smoking_No",0.1417,14.17%,4
436,"Age_Age_28_34, Diabetes_No, Gender_Female, Smoking_No",0.1414,14.14%,4
437,"Blood Pressure_BP_Normal, Cholesterol_Chol_Normal, Gender_Female, Temperature_Temp_Normal",0.1413,14.13%,4
438,"Blood Pressure_BP_Normal, Cholesterol_Chol_Normal, Gender_Male, Temperature_Temp_Normal",0.1412,14.12%,4
439,"Blood Type_A, Heart Rate_HR_Normal, Temperature_Temp_Normal",0.1411,14.11%,3
440,"Age_Age_28_34, Diabetes_No, Gender_Male, Temperature_Temp_Normal",0.1409,14.09%,4
441,"BMI_BMI_Obese, Temperature_Temp_Normal",0.1409,14.09%,2
442,"Diabetes_No, Heart Rate_HR_Normal, Temperature_Temp_Fever",0.1406,14.06%,3
443,"Diabetes_No, Height_Height_160_170, Smoking_No",0.1406,14.06%,3
444,"Diabetes_No, Height_Height_150_160, Smoking_No",0.1405,14.05%,3
445,"Blood Pressure_BP_Normal, Cholesterol_Chol_Borderline, Temperature_Temp_Normal",0.1404,14.04%,3
446,"Age_Age_18_22, Cholesterol_Chol_Normal, Temperature_Temp_Normal",0.1404,14.04%,3
447,"Blood Type_AB, Heart Rate_HR_Normal, Temperature_Temp_Normal",0.1399,13.99%,3
448,"Age_Age_28_34, Blood Pressure_BP_Normal, Heart Rate_HR_Normal, Temperature_Temp_Normal",0.1399,13.99%,4
449,"Diabetes_No, Height_Height_190_200, Smoking_No",0.1397,13.97%,3
450,"Blood Pressure_BP_Elevated, Diabetes_No, Smoking_No",0.1394,13.94%,3
451,"Age_Age_28_34, Diabetes_No, Gender_Female, Temperature_Temp_Normal",0.1394,13.94%,4
452,"Blood Pressure_BP_High, Temperature_Temp_Normal",0.1394,13.94%,2
453,"Cholesterol_Chol_Normal, Gender_Male, Heart Rate_HR_Normal, Smoking_No, Temperature_Temp_Normal",0.1394,13.94%,5
454,"Cholesterol_Chol_Normal, Gender_Female, Heart Rate_HR_Normal, Smoking_No, Temperature_Temp_Normal",0.1393,13.93%,5
455,"BMI_BMI_Underweight, Gender_Male",0.1392,13.92%,2
456,"Cholesterol_Chol_Borderline, Heart Rate_HR_Normal, Smoking_No, Temperature_Temp_Normal",0.1388,13.88%,4
457,"Diabetes_No, Height_Height_170_180, Smoking_No",0.1387,13.87%,3
458,"Diabetes_No, Height_Height_180_190, Smoking_No",0.1387,13.87%,3
459,"BMI_BMI_Overweight, Diabetes_No, Smoking_No",0.1386,13.86%,3
460,"BMI_BMI_Underweight, Gender_Female",0.1386,13.86%,2
461,"BMI_BMI_Normal, Blood Pressure_BP_Normal, Diabetes_No, Smoking_No",0.1383,13.83%,4
462,"Age_Age_23_27, Cholesterol_Chol_Normal, Temperature_Temp_Normal",0.1383,13.83%,3
463,"Heart Rate_HR_High, Smoking_No, Temperature_Temp_Normal",0.138,13.8%,3
464,"Diabetes_No, Height_Height_170_180, Temperature_Temp_Normal",0.1378,13.78%,3
465,"Blood Type_O, Diabetes_No, Smoking_No, Temperature_Temp_Normal",0.1377,13.77%,4
466,"Cholesterol_Chol_Normal, Heart Rate_HR_High",0.1377,13.77%,2
467,"BMI_BMI_Underweight, Cholesterol_Chol_Normal, Smoking_No",0.1377,13.77%,3
468,"Diabetes_No, Height_Height_150_160, Temperature_Temp_Normal",0.1377,13.77%,3
469,"Diabetes_No, Smoking_Yes, Temperature_Temp_Normal",0.1377,13.77%,3
470,"Age_Age_28_34, Cholesterol_Chol_Normal, Diabetes_No, Smoking_No, Temperature_Temp_Normal",0.1376,13.76%,5
471,"Blood Type_O, Cholesterol_Chol_Normal, Diabetes_No",0.1376,13.76%,3
472,"BMI_BMI_Normal, Blood Pressure_BP_Normal, Diabetes_No, Temperature_Temp_Normal",0.1376,13.76%,4
473,"Blood Type_B, Cholesterol_Chol_Normal, Diabetes_No",0.1375,13.75%,3
474,"Diabetes_No, Height_Height_160_170, Temperature_Temp_Normal",0.1375,13.75%,3
475,"Blood Type_B, Diabetes_No, Smoking_No, Temperature_Temp_Normal",0.1372,13.72%,4
476,"Diabetes_No, Height_Height_190_200, Temperature_Temp_Normal",0.137,13.7%,3
477,"Age_Age_23_27, Blood Pressure_BP_Normal, Smoking_No",0.1369,13.69%,3
478,"Blood Pressure_BP_Elevated, Diabetes_No, Temperature_Temp_Normal",0.1368,13.68%,3
479,"Age_Age_18_22, Blood Pressure_BP_Normal, Smoking_No",0.1367,13.67%,3
480,"BMI_BMI_Overweight, Diabetes_No, Temperature_Temp_Normal",0.1363,13.63%,3
481,"Diabetes_No, Height_Height_180_190, Temperature_Temp_Normal",0.1362,13.62%,3
482,"BMI_BMI_Normal, Cholesterol_Chol_Normal, Diabetes_No, Heart Rate_HR_Normal",0.1356,13.56%,4
483,"Age_Age_28_34, BMI_BMI_Normal",0.1355,13.55%,2
484,"BMI_BMI_Normal, Diabetes_No, Heart Rate_HR_Normal, Smoking_No, Temperature_Temp_Normal",0.1352,13.52%,5
485,"Age_Age_23_27, Blood Pressure_BP_Normal, Temperature_Temp_Normal",0.135,13.5%,3
486,"Cholesterol_Chol_Borderline, Diabetes_No, Gender_Male",0.135,13.5%,3
487,"BMI_BMI_Obese, Heart Rate_HR_Normal",0.1349,13.49%,2
488,"Blood Pressure_BP_Normal, Cholesterol_Chol_Borderline, Heart Rate_HR_Normal",0.1348,13.48%,3
489,"Blood Type_A, Cholesterol_Chol_Normal, Diabetes_No",0.1348,13.48%,3
490,"Blood Pressure_BP_Normal, Gender_Male, Heart Rate_HR_Normal, Smoking_No, Temperature_Temp_Normal",0.1346,13.46%,5
491,"Blood Pressure_BP_Normal, Cholesterol_Chol_Normal, Gender_Male, Heart Rate_HR_Normal",0.1346,13.46%,4
492,"Blood Type_A, Diabetes_No, Smoking_No, Temperature_Temp_Normal",0.1346,13.46%,4
493,"Age_Age_28_34, Diabetes_No, Gender_Male, Heart Rate_HR_Normal",0.1345,13.45%,4
494,"BMI_BMI_Underweight, Cholesterol_Chol_Normal, Temperature_Temp_Normal",0.1344,13.44%,3
495,"Age_Age_18_22, Blood Pressure_BP_Normal, Temperature_Temp_Normal",0.1344,13.44%,3
496,"Blood Type_AB, Cholesterol_Chol_Normal, Diabetes_No",0.1343,13.43%,3
497,"Blood Pressure_BP_Normal, Gender_Female, Heart Rate_HR_Normal, Smoking_No, Temperature_Temp_Normal",0.1341,13.41%,5
498,"Age_Age_18_22, Cholesterol_Chol_Normal, Heart Rate_HR_Normal",0.134,13.4%,3
499,"Cholesterol_Chol_Borderline, Diabetes_No, Gender_Female",0.1337,13.37%,3
500,"Age_Age_23_27, Heart Rate_HR_Normal, Smoking_No, Temperature_Temp_Normal",0.1337,13.37%,4
501,"Blood Type_AB, Diabetes_No, Smoking_No, Temperature_Temp_Normal",0.1337,13.37%,4
502,"Blood Pressure_BP_Normal, Cholesterol_Chol_Normal, Gender_Female, Heart Rate_HR_Normal",0.1335,13.35%,4
503,"Blood Pressure_BP_Normal, Blood Type_B, Diabetes_No",0.133,13.3%,3
504,"Blood Pressure_BP_Normal, Blood Type_O, Diabetes_No",0.1329,13.29%,3
505,"Age_Age_28_34, Blood Pressure_BP_Normal, Cholesterol_Chol_Normal, Diabetes_No",0.1328,13.28%,4
506,"Age_Age_18_22, Heart Rate_HR_Normal, Smoking_No, Temperature_Temp_Normal",0.1327,13.27%,4
507,"Age_Age_28_34, Diabetes_No, Gender_Female, Heart Rate_HR_Normal",0.1326,13.26%,4
508,"Age_Age_23_27, Cholesterol_Chol_Normal, Heart Rate_HR_Normal",0.1325,13.25%,3
509,"Blood Pressure_BP_Normal, Heart Rate_HR_High",0.1325,13.25%,2
510,"Blood Pressure_BP_High, Heart Rate_HR_Normal",0.1324,13.24%,2
511,"Diabetes_No, Heart Rate_HR_Normal, Height_Height_160_170",0.1321,13.21%,3
512,"Age_Age_28_34, Blood Pressure_BP_Normal, Diabetes_No, Smoking_No, Temperature_Temp_Normal",0.132,13.2%,5
513,"Diabetes_No, Heart Rate_HR_Normal, Height_Height_150_160",0.1319,13.19%,3
514,"BMI_BMI_Underweight, Blood Pressure_BP_Normal, Smoking_No",0.1317,13.17%,3
515,"Smoking_No, Weight_Weight_50_60",0.1313,13.13%,2
516,"Blood Pressure_BP_Elevated, Diabetes_No, Heart Rate_HR_Normal",0.1312,13.12%,3
517,"Smoking_No, Weight_Weight_70_80",0.1312,13.12%,2
518,"Age_Age_28_34, Cholesterol_Chol_Normal, Diabetes_No, Heart Rate_HR_Normal, Smoking_No",0.1311,13.11%,5
519,"Blood Type_B, Diabetes_No, Heart Rate_HR_Normal, Smoking_No",0.1309,13.09%,4
520,"Diabetes_No, Heart Rate_HR_Normal, Smoking_Yes",0.1308,13.08%,3
521,"Smoking_No, Weight_Weight_90_100",0.1307,13.07%,2
522,"Diabetes_No, Heart Rate_HR_Normal, Height_Height_190_200",0.1305,13.05%,3
523,"Smoking_No, Weight_Weight_60_70",0.1304,13.04%,2
524,"Blood Type_O, Diabetes_No, Heart Rate_HR_Normal, Smoking_No",0.1304,13.04%,4
525,"BMI_BMI_Normal, Blood Pressure_BP_Normal, Diabetes_No, Heart Rate_HR_Normal",0.1303,13.03%,4
526,"Smoking_No, Weight_Weight_40_50",0.1303,13.03%,2
527,"BMI_BMI_Normal, Gender_Female, Smoking_No",0.1303,13.03%,3
528,"Diabetes_No, Heart Rate_HR_Normal, Height_Height_170_180",0.1302,13.02%,3
529,"Smoking_No, Weight_Weight_80_90",0.1302,13.02%,2
530,"Blood Pressure_BP_Normal, Blood Type_AB, Diabetes_No",0.13,13.0%,3
531,"Diabetes_No, Heart Rate_HR_Normal, Height_Height_180_190",0.1299,12.99%,3
532,"Blood Type_O, Diabetes_No, Heart Rate_HR_Normal, Temperature_Temp_Normal",0.1298,12.98%,4
533,"Temperature_Temp_Normal, Weight_Weight_50_60",0.1297,12.97%,2
534,"Cholesterol_Chol_Normal, Temperature_Temp_Fever",0.1296,12.96%,2
535,"Age_Age_18_22, Diabetes_No, Gender_Female",0.1295,12.95%,3
536,"BMI_BMI_Overweight, Diabetes_No, Heart Rate_HR_Normal",0.1293,12.93%,3
537,"BMI_BMI_Normal, Gender_Male, Smoking_No",0.1293,12.93%,3
538,"Blood Type_A, Diabetes_No, Heart Rate_HR_Normal, Smoking_No",0.1292,12.92%,4
539,"Temperature_Temp_Normal, Weight_Weight_90_100",0.129,12.9%,2
540,"Age_Age_28_34, Cholesterol_Chol_Normal, Diabetes_No, Heart Rate_HR_Normal, Temperature_Temp_Normal",0.1288,12.88%,5
541,"BMI_BMI_Underweight, Blood Pressure_BP_Normal, Temperature_Temp_Normal",0.1288,12.88%,3
542,"Age_Age_23_27, Blood Pressure_BP_Normal, Heart Rate_HR_Normal",0.1288,12.88%,3
543,"Temperature_Temp_Normal, Weight_Weight_70_80",0.1287,12.87%,2
544,"Blood Type_B, Diabetes_No, Heart Rate_HR_Normal, Temperature_Temp_Normal",0.1287,12.87%,4
545,"Blood Type_AB, Diabetes_No, Heart Rate_HR_Normal, Smoking_No",0.1286,12.86%,4
546,"BMI_BMI_Normal, Gender_Female, Temperature_Temp_Normal",0.1286,12.86%,3
547,"Age_Age_23_27, Diabetes_No, Gender_Female",0.1286,12.86%,3
548,"Blood Pressure_BP_Normal, Cholesterol_Chol_Normal, Diabetes_No, Gender_Female, Smoking_No",0.1283,12.83%,5
549,"Temperature_Temp_Normal, Weight_Weight_60_70",0.1283,12.83%,2
550,"Blood Pressure_BP_Normal, Blood Type_A, Diabetes_No",0.128,12.8%,3
551,"Age_Age_18_22, Blood Pressure_BP_Normal, Heart Rate_HR_Normal",0.1279,12.79%,3
552,"BMI_BMI_Normal, Gender_Male, Temperature_Temp_Normal",0.1278,12.78%,3
553,"Temperature_Temp_Normal, Weight_Weight_40_50",0.1277,12.77%,2
554,"BMI_BMI_Underweight, Cholesterol_Chol_Normal, Heart Rate_HR_Normal",0.1277,12.77%,3
555,"BMI_BMI_Obese, Diabetes_No, Smoking_No",0.1276,12.76%,3
556,"BMI_BMI_Underweight, Heart Rate_HR_Normal, Smoking_No, Temperature_Temp_Normal",0.1275,12.75%,4
557,"Temperature_Temp_Normal, Weight_Weight_80_90",0.1275,12.75%,2
558,"Age_Age_23_27, Diabetes_No, Gender_Male",0.1274,12.74%,3
559,"Blood Pressure_BP_Normal, Cholesterol_Chol_Borderline, Diabetes_No, Smoking_No",0.1274,12.74%,4
560,"Age_Age_18_22, Diabetes_No, Gender_Male",0.1273,12.73%,3
561,"Blood Pressure_BP_High, Diabetes_No, Smoking_No",0.1272,12.72%,3
562,"Age_Age_18_22, Cholesterol_Chol_Normal, Diabetes_No, Smoking_No",0.1269,12.69%,4
563,"Age_Age_23_27, Cholesterol_Chol_Normal, Diabetes_No, Smoking_No",0.1269,12.69%,4
564,"Blood Pressure_BP_Normal, Cholesterol_Chol_Normal, Diabetes_No, Gender_Male, Smoking_No",0.1267,12.67%,5
565,"BMI_BMI_Underweight, Diabetes_No, Weight_Weight_40_50",0.1264,12.64%,3
566,"Age_Age_28_34, Blood Pressure_BP_Normal, Diabetes_No, Heart Rate_HR_Normal, Smoking_No",0.1262,12.62%,5
567,"Blood Pressure_BP_Normal, Cholesterol_Chol_Normal, Diabetes_No, Gender_Female, Temperature_Temp_Normal",0.1259,12.59%,5
568,"Blood Type_O, Gender_Female",0.1256,12.56%,2
569,"Blood Pressure_BP_Normal, Cholesterol_Chol_Normal, Diabetes_No, Gender_Male, Temperature_Temp_Normal",0.1254,12.54%,5
570,"Age_Age_18_22, Cholesterol_Chol_Normal, Diabetes_No, Temperature_Temp_Normal",0.1254,12.54%,4
571,"BMI_BMI_Normal, Cholesterol_Chol_Normal, Smoking_No, Temperature_Temp_Normal",0.1252,12.52%,4
572,"Blood Type_A, Diabetes_No, Heart Rate_HR_Normal, Temperature_Temp_Normal",0.1252,12.52%,4
573,"Age_Age_28_34, Cholesterol_Chol_Normal, Gender_Male",0.125,12.5%,3
574,"Blood Pressure_BP_Normal, Temperature_Temp_Fever",0.125,12.5%,2
575,"Blood Pressure_BP_Normal, Cholesterol_Chol_Borderline, Diabetes_No, Temperature_Temp_Normal",0.125,12.5%,4
576,"Blood Type_AB, Diabetes_No, Heart Rate_HR_Normal, Temperature_Temp_Normal",0.1249,12.49%,4
577,"Heart Rate_HR_Normal, Smoking_No, Temperature_Temp_Fever",0.1249,12.49%,3
578,"BMI_BMI_Obese, Diabetes_No, Temperature_Temp_Normal",0.1247,12.47%,3
579,"Age_Age_28_34, Cholesterol_Chol_Normal, Gender_Female",0.1246,12.46%,3
580,"Age_Age_28_34, Gender_Male, Smoking_No, Temperature_Temp_Normal",0.1245,12.45%,4
581,"Cholesterol_Chol_Normal, Diabetes_No, Gender_Male, Heart Rate_HR_Normal, Smoking_No, Temperature_Temp_Normal",0.1245,12.45%,6
582,"Blood Type_B, Gender_Female",0.1245,12.45%,2
583,"Age_Age_28_34, Cholesterol_Chol_Borderline",0.1244,12.44%,2
584,"Heart Rate_HR_Normal, Weight_Weight_50_60",0.1244,12.44%,2
585,"Blood Pressure_BP_High, Diabetes_No, Temperature_Temp_Normal",0.1243,12.43%,3
586,"Cholesterol_Chol_Normal, Diabetes_No, Gender_Female, Heart Rate_HR_Normal, Smoking_No, Temperature_Temp_Normal",0.1242,12.42%,6
587,"Age_Age_28_34, Blood Pressure_BP_Normal, Diabetes_No, Heart Rate_HR_Normal, Temperature_Temp_Normal",0.1241,12.41%,5
588,"BMI_BMI_Underweight, Diabetes_No, Gender_Male",0.124,12.4%,3
589,"Age_Age_28_34, Gender_Female, Smoking_No, Temperature_Temp_Normal",0.1239,12.39%,4
590,"Blood Type_B, Gender_Male",0.1238,12.38%,2
591,"BMI_BMI_Underweight, Diabetes_No, Gender_Female",0.1237,12.37%,3
592,"Cholesterol_Chol_Borderline, Diabetes_No, Heart Rate_HR_Normal, Smoking_No, Temperature_Temp_Normal",0.1236,12.36%,5
593,"Age_Age_23_27, Cholesterol_Chol_Normal, Diabetes_No, Temperature_Temp_Normal",0.1235,12.35%,4
594,"BMI_BMI_Underweight, Blood Pressure_BP_Normal, Heart Rate_HR_Normal",0.1234,12.34%,3
595,"Cholesterol_Chol_Normal, Height_Height_150_160",0.1231,12.31%,2
596,"Height_Height_160_170, Smoking_No, Temperature_Temp_Normal",0.123,12.3%,3
597,"Diabetes_No, Heart Rate_HR_High, Smoking_No, Temperature_Temp_Normal",0.1229,12.29%,4
598,"Height_Height_150_160, Smoking_No, Temperature_Temp_Normal",0.1228,12.28%,3
599,"Blood Type_O, Gender_Male",0.1228,12.28%,2
600,"BMI_BMI_Underweight, Cholesterol_Chol_Normal, Diabetes_No, Smoking_No",0.1227,12.27%,4
601,"Cholesterol_Chol_Normal, Smoking_Yes",0.1227,12.27%,2
602,"Heart Rate_HR_Normal, Weight_Weight_90_100",0.1226,12.26%,2
603,"Cholesterol_Chol_Normal, Diabetes_No, Heart Rate_HR_High",0.1226,12.26%,3
604,"Cholesterol_Chol_Normal, Height_Height_190_200",0.1225,12.25%,2
605,"BMI_BMI_Normal, Gender_Male, Heart Rate_HR_Normal",0.1225,12.25%,3
606,"Blood Pressure_BP_Elevated, Cholesterol_Chol_Normal",0.1223,12.23%,2
607,"BMI_BMI_Normal, Gender_Female, Heart Rate_HR_Normal",0.1221,12.21%,3
608,"Heart Rate_HR_Normal, Weight_Weight_80_90",0.122,12.2%,2
609,"Age_Age_23_27, Blood Pressure_BP_Normal, Diabetes_No, Smoking_No",0.122,12.2%,4
610,"Cholesterol_Chol_Normal, Height_Height_160_170",0.122,12.2%,2
611,"Heart Rate_HR_Normal, Weight_Weight_60_70",0.122,12.2%,2
612,"Blood Pressure_BP_Elevated, Smoking_No, Temperature_Temp_Normal",0.1219,12.19%,3
613,"Heart Rate_HR_Normal, Weight_Weight_70_80",0.1219,12.19%,2
614,"Cholesterol_Chol_Normal, Height_Height_170_180",0.1218,12.18%,2
615,"Age_Age_18_22, Blood Pressure_BP_Normal, Diabetes_No, Smoking_No",0.1218,12.18%,4
616,"BMI_BMI_Overweight, Smoking_No, Temperature_Temp_Normal",0.1217,12.17%,3
617,"Blood Type_B, Cholesterol_Chol_Normal, Smoking_No",0.1217,12.17%,3
618,"Blood Type_AB, Gender_Male",0.1217,12.17%,2
619,"Heart Rate_HR_Normal, Weight_Weight_40_50",0.1216,12.16%,2
620,"Blood Type_O, Cholesterol_Chol_Normal, Smoking_No",0.1216,12.16%,3
621,"Height_Height_190_200, Smoking_No, Temperature_Temp_Normal",0.1216,12.16%,3
622,"Height_Height_170_180, Smoking_No, Temperature_Temp_Normal",0.1215,12.15%,3
623,"BMI_BMI_Normal, Blood Pressure_BP_Normal, Cholesterol_Chol_Normal",0.1215,12.15%,3
624,"Blood Type_A, Gender_Male",0.1214,12.14%,2
625,"Blood Type_O, Cholesterol_Chol_Normal, Temperature_Temp_Normal",0.1213,12.13%,3
626,"Cholesterol_Chol_Normal, Height_Height_180_190",0.1212,12.12%,2
627,"Age_Age_28_34, BMI_BMI_Normal, Diabetes_No",0.1211,12.11%,3
628,"Height_Height_180_190, Smoking_No, Temperature_Temp_Normal",0.1209,12.09%,3
629,"BMI_BMI_Normal, Blood Pressure_BP_Normal, Smoking_No, Temperature_Temp_Normal",0.1208,12.08%,4
630,"Blood Type_A, Gender_Female",0.1206,12.06%,2
631,"Age_Age_28_34, Blood Pressure_BP_Normal, Gender_Male",0.1205,12.05%,3
632,"BMI_BMI_Overweight, Cholesterol_Chol_Normal",0.1204,12.04%,2
633,"Age_Age_28_34, Blood Pressure_BP_Normal, Gender_Female",0.1203,12.03%,3
634,"BMI_BMI_Normal, Cholesterol_Chol_Normal, Heart Rate_HR_Normal, Smoking_No",0.1203,12.03%,4
635,"Blood Type_B, Cholesterol_Chol_Normal, Temperature_Temp_Normal",0.1202,12.02%,3
636,"Age_Age_23_27, Blood Pressure_BP_Normal, Diabetes_No, Temperature_Temp_Normal",0.1201,12.01%,4
637,"Blood Pressure_BP_Normal, Cholesterol_Chol_Borderline, Diabetes_No, Heart Rate_HR_Normal",0.1201,12.01%,4
638,"Blood Type_AB, Gender_Female",0.12,12.0%,2
639,"Blood Type_A, Cholesterol_Chol_Normal, Smoking_No",0.12,12.0%,3
640,"Age_Age_18_22, Blood Pressure_BP_Normal, Diabetes_No, Temperature_Temp_Normal",0.1199,11.99%,4
641,"Age_Age_18_22, Cholesterol_Chol_Normal, Diabetes_No, Heart Rate_HR_Normal",0.1197,11.97%,4
642,"Blood Type_AB, Cholesterol_Chol_Normal, Smoking_No",0.1197,11.97%,3
643,"Blood Pressure_BP_Normal, Cholesterol_Chol_Normal, Diabetes_No, Gender_Male, Heart Rate_HR_Normal",0.1196,11.96%,5
644,"Blood Pressure_BP_Normal, Diabetes_No, Gender_Female, Heart Rate_HR_Normal, Smoking_No, Temperature_Temp_Normal",0.1195,11.95%,6
645,"BMI_BMI_Underweight, Cholesterol_Chol_Normal, Diabetes_No, Temperature_Temp_Normal",0.1195,11.95%,4
646,"Cholesterol_Chol_Borderline, Gender_Male, Smoking_No",0.1195,11.95%,3
647,"BMI_BMI_Obese, Diabetes_No, Heart Rate_HR_Normal",0.1195,11.95%,3
648,"Blood Pressure_BP_Normal, Diabetes_No, Gender_Male, Heart Rate_HR_Normal, Smoking_No, Temperature_Temp_Normal",0.1193,11.93%,6
649,"Blood Pressure_BP_Normal, Height_Height_150_160",0.1192,11.92%,2
650,"Age_Age_23_27, Diabetes_No, Heart Rate_HR_Normal, Smoking_No, Temperature_Temp_Normal",0.1191,11.91%,5
651,"Blood Pressure_BP_Normal, Cholesterol_Chol_Normal, Diabetes_No, Gender_Female, Heart Rate_HR_Normal",0.1191,11.91%,5
652,"Cholesterol_Chol_Borderline, Gender_Female, Smoking_No",0.119,11.9%,3
653,"Age_Age_28_34, Gender_Male, Heart Rate_HR_Normal, Smoking_No",0.1187,11.87%,4
654,"Age_Age_18_22, Diabetes_No, Heart Rate_HR_Normal, Smoking_No, Temperature_Temp_Normal",0.1186,11.86%,5
655,"Blood Pressure_BP_Normal, Blood Type_B, Smoking_No",0.1185,11.85%,3
656,"Age_Age_23_27, Cholesterol_Chol_Normal, Diabetes_No, Heart Rate_HR_Normal",0.1184,11.84%,4
657,"Blood Pressure_BP_High, Diabetes_No, Heart Rate_HR_Normal",0.1183,11.83%,3
658,"Blood Pressure_BP_Normal, Smoking_Yes",0.1182,11.82%,2
659,"Blood Pressure_BP_Normal, Diabetes_No, Heart Rate_HR_High",0.118,11.8%,3
660,"Heart Rate_HR_Normal, Height_Height_150_160, Smoking_No",0.118,11.8%,3
661,"Heart Rate_HR_Normal, Height_Height_160_170, Smoking_No",0.118,11.8%,3
662,"Cholesterol_Chol_Borderline, Gender_Male, Temperature_Temp_Normal",0.1178,11.78%,3
663,"BMI_BMI_Normal, Cholesterol_Chol_Normal, Heart Rate_HR_Normal, Temperature_Temp_Normal",0.1178,11.78%,4
664,"Blood Pressure_BP_Normal, Height_Height_190_200",0.1177,11.77%,2
665,"Age_Age_28_34, Gender_Female, Heart Rate_HR_Normal, Smoking_No",0.1177,11.77%,4
666,"Age_Age_28_34, Blood Pressure_BP_Normal, Cholesterol_Chol_Normal, Smoking_No",0.1176,11.76%,4
667,"Blood Type_A, Cholesterol_Chol_Normal, Temperature_Temp_Normal",0.1175,11.75%,3
668,"BMI_BMI_Underweight, Blood Pressure_BP_Normal, Diabetes_No, Smoking_No",0.1174,11.74%,4
669,"Diabetes_No, Smoking_No, Weight_Weight_50_60",0.1173,11.73%,3
670,"Blood Pressure_BP_Normal, Height_Height_160_170",0.1173,11.73%,2
671,"Blood Pressure_BP_Normal, Height_Height_170_180",0.1173,11.73%,2
672,"Blood Pressure_BP_Normal, Blood Type_O, Temperature_Temp_Normal",0.1171,11.71%,3
673,"Blood Pressure_BP_Normal, Blood Type_O, Smoking_No",0.1171,11.71%,3
674,"Blood Pressure_BP_Normal, Height_Height_180_190",0.117,11.7%,2
675,"Diabetes_No, Smoking_No, Weight_Weight_70_80",0.1169,11.69%,3
676,"BMI_BMI_Overweight, Blood Pressure_BP_Normal",0.1168,11.68%,2
677,"Age_Age_28_34, Gender_Male, Heart Rate_HR_Normal, Temperature_Temp_Normal",0.1168,11.68%,4
678,"Diabetes_No, Smoking_No, Weight_Weight_60_70",0.1167,11.67%,3
679,"Diabetes_No, Smoking_No, Weight_Weight_90_100",0.1166,11.66%,3
680,"Blood Pressure_BP_Elevated, Heart Rate_HR_Normal, Smoking_No",0.1165,11.65%,3
681,"BMI_BMI_Normal, Diabetes_No, Gender_Female, Smoking_No",0.1165,11.65%,4
682,"Age_Age_28_34, Blood Pressure_BP_Normal, Cholesterol_Chol_Normal, Temperature_Temp_Normal",0.1164,11.64%,4
683,"Blood Type_AB, Cholesterol_Chol_Normal, Temperature_Temp_Normal",0.1163,11.63%,3
684,"Cholesterol_Chol_Borderline, Gender_Female, Temperature_Temp_Normal",0.1163,11.63%,3
685,"Age_Age_28_34, Gender_Female, Heart Rate_HR_Normal, Temperature_Temp_Normal",0.1162,11.62%,4
686,"Diabetes_No, Smoking_No, Weight_Weight_40_50",0.1159,11.59%,3
687,"Cholesterol_Chol_Normal, Diabetes_No, Temperature_Temp_Fever",0.1158,11.58%,3
688,"Heart Rate_HR_Normal, Height_Height_160_170, Temperature_Temp_Normal",0.1158,11.58%,3
689,"Blood Pressure_BP_Normal, Blood Type_B, Temperature_Temp_Normal",0.1158,11.58%,3
690,"Heart Rate_HR_Normal, Height_Height_190_200, Smoking_No",0.1157,11.57%,3
691,"BMI_BMI_Normal, Diabetes_No, Gender_Male, Smoking_No",0.1156,11.56%,4
692,"BMI_BMI_Overweight, Heart Rate_HR_Normal, Smoking_No",0.1155,11.55%,3
693,"Diabetes_No, Smoking_No, Weight_Weight_80_90",0.1155,11.55%,3
694,"Blood Pressure_BP_Normal, Blood Type_AB, Smoking_No",0.1155,11.55%,3
695,"Diabetes_No, Temperature_Temp_Normal, Weight_Weight_50_60",0.1154,11.54%,3
696,"Heart Rate_HR_Normal, Height_Height_150_160, Temperature_Temp_Normal",0.1153,11.53%,3
697,"BMI_BMI_Normal, Diabetes_No, Gender_Female, Temperature_Temp_Normal",0.115,11.5%,4
698,"Diabetes_No, Temperature_Temp_Normal, Weight_Weight_70_80",0.115,11.5%,3
699,"Diabetes_No, Temperature_Temp_Normal, Weight_Weight_90_100",0.115,11.5%,3
700,"Heart Rate_HR_Normal, Height_Height_170_180, Smoking_No",0.1149,11.49%,3
701,"BMI_BMI_Normal, Blood Pressure_BP_Normal, Heart Rate_HR_Normal, Smoking_No",0.1149,11.49%,4
702,"Heart Rate_HR_Normal, Height_Height_180_190, Smoking_No",0.1149,11.49%,3
703,"Age_Age_18_22, Gender_Female, Smoking_No",0.1149,11.49%,3
704,"BMI_BMI_Underweight, Blood Pressure_BP_Normal, Diabetes_No, Temperature_Temp_Normal",0.1147,11.47%,4
705,"Age_Age_23_27, Gender_Female, Smoking_No",0.1147,11.47%,3
706,"Heart Rate_HR_Normal, Smoking_Yes, Temperature_Temp_Normal",0.1147,11.47%,3
707,"Diabetes_No, Temperature_Temp_Normal, Weight_Weight_60_70",0.1146,11.46%,3
708,"Age_Age_28_34, Cholesterol_Chol_Normal, Heart Rate_HR_Normal, Smoking_No, Temperature_Temp_Normal",0.1145,11.45%,5
709,"Age_Age_23_27, Blood Pressure_BP_Normal, Diabetes_No, Heart Rate_HR_Normal",0.1145,11.45%,4
710,"Blood Type_B, Cholesterol_Chol_Normal, Heart Rate_HR_Normal",0.1144,11.44%,3
711,"Age_Age_28_34, BMI_BMI_Underweight",0.1144,11.44%,2
712,"Blood Pressure_BP_Normal, Blood Type_A, Smoking_No",0.1144,11.44%,3
713,"Blood Type_B, Heart Rate_HR_Normal, Smoking_No, Temperature_Temp_Normal",0.1144,11.44%,4
714,"BMI_BMI_Normal, Blood Pressure_BP_Normal, Heart Rate_HR_Normal, Temperature_Temp_Normal",0.1142,11.42%,4
715,"Blood Type_O, Cholesterol_Chol_Normal, Heart Rate_HR_Normal",0.1142,11.42%,3
716,"Age_Age_18_22, Blood Pressure_BP_Normal, Diabetes_No, Heart Rate_HR_Normal",0.1142,11.42%,4
717,"Blood Type_O, Heart Rate_HR_Normal, Smoking_No, Temperature_Temp_Normal",0.1141,11.41%,4
718,"Heart Rate_HR_Normal, Height_Height_170_180, Temperature_Temp_Normal",0.1141,11.41%,3
719,"BMI_BMI_Normal, Diabetes_No, Gender_Male, Temperature_Temp_Normal",0.1141,11.41%,4
720,"Age_Age_23_27, Gender_Male, Smoking_No",0.114,11.4%,3
721,"BMI_BMI_Underweight, Cholesterol_Chol_Normal, Diabetes_No, Heart Rate_HR_Normal",0.1139,11.39%,4
722,"BMI_BMI_Overweight, Heart Rate_HR_Normal, Temperature_Temp_Normal",0.1136,11.36%,3
723,"Blood Pressure_BP_Elevated, Heart Rate_HR_Normal, Temperature_Temp_Normal",0.1136,11.36%,3
724,"BMI_BMI_Underweight, Diabetes_No, Heart Rate_HR_Normal, Smoking_No, Temperature_Temp_Normal",0.1134,11.34%,5
725,"Diabetes_No, Temperature_Temp_Normal, Weight_Weight_40_50",0.1133,11.33%,3
726,"Heart Rate_HR_Normal, Height_Height_180_190, Temperature_Temp_Normal",0.1132,11.32%,3
727,"BMI_BMI_Underweight, Smoking_No, Weight_Weight_40_50",0.1132,11.32%,3
728,"Blood Pressure_BP_Normal, Blood Type_AB, Temperature_Temp_Normal",0.1131,11.31%,3
729,"Diabetes_No, Temperature_Temp_Normal, Weight_Weight_80_90",0.1131,11.31%,3
730,"Age_Age_18_22, Gender_Male, Smoking_No",0.1128,11.28%,3
731,"Heart Rate_HR_Normal, Height_Height_190_200, Temperature_Temp_Normal",0.1128,11.28%,3
732,"Blood Type_A, Heart Rate_HR_Normal, Smoking_No, Temperature_Temp_Normal",0.1128,11.28%,4
733,"Blood Type_A, Cholesterol_Chol_Normal, Heart Rate_HR_Normal",0.1128,11.28%,3
734,"Age_Age_18_22, Gender_Female, Temperature_Temp_Normal",0.1125,11.25%,3
735,"Blood Pressure_BP_Normal, Blood Type_A, Temperature_Temp_Normal",0.1123,11.23%,3
736,"Cholesterol_Chol_Borderline, Gender_Male, Heart Rate_HR_Normal",0.1121,11.21%,3
737,"Blood Type_O, Diabetes_No, Gender_Female",0.1121,11.21%,3
738,"Age_Age_23_27, Gender_Female, Temperature_Temp_Normal",0.1121,11.21%,3
739,"BMI_BMI_Obese, Cholesterol_Chol_Normal",0.1119,11.19%,2
740,"BMI_BMI_Normal, Cholesterol_Chol_Normal, Diabetes_No, Smoking_No, Temperature_Temp_Normal",0.1119,11.19%,5
741,"BMI_BMI_Obese, Smoking_No, Temperature_Temp_Normal",0.1118,11.18%,3
742,"Cholesterol_Chol_Borderline, Gender_Female, Heart Rate_HR_Normal",0.1118,11.18%,3
743,"Age_Age_23_27, Gender_Male, Temperature_Temp_Normal",0.1117,11.17%,3
744,"Diabetes_No, Heart Rate_HR_Normal, Smoking_No, Temperature_Temp_Fever",0.1116,11.16%,4
745,"Age_Age_28_34, Cholesterol_Chol_Normal, Diabetes_No, Gender_Male",0.1116,11.16%,4
746,"Blood Pressure_BP_Normal, Cholesterol_Chol_Normal, Gender_Female, Smoking_No, Temperature_Temp_Normal",0.1116,11.16%,5
747,"Blood Pressure_BP_Normal, Diabetes_No, Temperature_Temp_Fever",0.1115,11.15%,3
748,"Age_Age_18_22, Gender_Male, Temperature_Temp_Normal",0.1114,11.14%,3
749,"Blood Type_AB, Cholesterol_Chol_Normal, Heart Rate_HR_Normal",0.1113,11.13%,3
750,"Diabetes_No, Heart Rate_HR_Normal, Weight_Weight_50_60",0.1112,11.12%,3
751,"Blood Pressure_BP_Normal, Blood Type_O, Heart Rate_HR_Normal",0.1111,11.11%,3
752,"Blood Pressure_BP_Normal, Cholesterol_Chol_Normal, Gender_Male, Smoking_No, Temperature_Temp_Normal",0.1111,11.11%,5
753,"Age_Age_28_34, Diabetes_No, Gender_Male, Smoking_No, Temperature_Temp_Normal",0.111,11.1%,5
754,"Blood Pressure_BP_Normal, Cholesterol_Chol_Borderline, Smoking_No, Temperature_Temp_Normal",0.111,11.1%,4
755,"Blood Type_AB, Heart Rate_HR_Normal, Smoking_No, Temperature_Temp_Normal",0.111,11.1%,4
756,"Age_Age_28_34, Cholesterol_Chol_Borderline, Diabetes_No",0.111,11.1%,3
757,"Gender_Female, Heart Rate_HR_High",0.1108,11.08%,2
758,"Blood Type_B, Diabetes_No, Gender_Female",0.1107,11.07%,3
759,"Blood Pressure_BP_High, Cholesterol_Chol_Normal",0.1106,11.06%,2
760,"Age_Age_28_34, Cholesterol_Chol_Normal, Diabetes_No, Gender_Female",0.1106,11.06%,4
761,"Blood Pressure_BP_High, Smoking_No, Temperature_Temp_Normal",0.1106,11.06%,3
762,"Blood Pressure_BP_Normal, Blood Type_B, Heart Rate_HR_Normal",0.1105,11.05%,3
763,"BMI_BMI_Underweight, Temperature_Temp_Normal, Weight_Weight_40_50",0.1104,11.04%,3
764,"BMI_BMI_Underweight, Blood Pressure_BP_Normal, Diabetes_No, Heart Rate_HR_Normal",0.1104,11.04%,4
765,"Age_Age_23_27, Cholesterol_Chol_Normal, Smoking_No, Temperature_Temp_Normal",0.1104,11.04%,4
766,"Age_Age_18_22, Cholesterol_Chol_Normal, Smoking_No, Temperature_Temp_Normal",0.1103,11.03%,4
767,"BMI_BMI_Underweight, Gender_Male, Smoking_No",0.1102,11.02%,3
768,"Blood Type_B, Diabetes_No, Gender_Male",0.1101,11.01%,3
769,"Gender_Male, Heart Rate_HR_High",0.1101,11.01%,2
770,"Age_Age_28_34, Blood Pressure_BP_Normal, Cholesterol_Chol_Normal, Heart Rate_HR_Normal",0.1101,11.01%,4
771,"Age_Age_28_34, Blood Pressure_BP_Normal, Heart Rate_HR_Normal, Smoking_No, Temperature_Temp_Normal",0.11,11.0%,5
772,"Diabetes_No, Height_Height_160_170, Smoking_No, Temperature_Temp_Normal",0.1099,10.99%,4
773,"Age_Age_28_34, Diabetes_No, Gender_Female, Smoking_No, Temperature_Temp_Normal",0.1099,10.99%,5
774,"BMI_BMI_Underweight, Gender_Female, Smoking_No",0.1097,10.97%,3
775,"Blood Type_O, Diabetes_No, Gender_Male",0.1095,10.95%,3
776,"BMI_BMI_Normal, Diabetes_No, Gender_Male, Heart Rate_HR_Normal",0.1094,10.94%,4
777,"Cholesterol_Chol_Normal, Diabetes_No, Height_Height_190_200",0.1094,10.94%,3
778,"BMI_BMI_Normal, Diabetes_No, Gender_Female, Heart Rate_HR_Normal",0.1093,10.93%,4
779,"Cholesterol_Chol_Normal, Diabetes_No, Smoking_Yes",0.1093,10.93%,3
780,"Diabetes_No, Heart Rate_HR_Normal, Weight_Weight_60_70",0.1092,10.92%,3
781,"Blood Pressure_BP_Elevated, Cholesterol_Chol_Normal, Diabetes_No",0.1091,10.91%,3
782,"Diabetes_No, Heart Rate_HR_Normal, Weight_Weight_90_100",0.1091,10.91%,3
783,"Cholesterol_Chol_Normal, Diabetes_No, Height_Height_150_160",0.1091,10.91%,3
784,"Diabetes_No, Height_Height_150_160, Smoking_No, Temperature_Temp_Normal",0.109,10.9%,4
785,"Cholesterol_Chol_Normal, Diabetes_No, Height_Height_160_170",0.109,10.9%,3
786,"Diabetes_No, Heart Rate_HR_Normal, Weight_Weight_70_80",0.1088,10.88%,3
787,"Blood Pressure_BP_Elevated, Diabetes_No, Smoking_No, Temperature_Temp_Normal",0.1086,10.86%,4
788,"Blood Type_AB, Diabetes_No, Gender_Male",0.1086,10.86%,3
789,"Cholesterol_Chol_Normal, Diabetes_No, Height_Height_170_180",0.1085,10.85%,3
790,"Blood Type_O, Cholesterol_Chol_Normal, Diabetes_No, Smoking_No",0.1085,10.85%,4
791,"Diabetes_No, Height_Height_190_200, Smoking_No, Temperature_Temp_Normal",0.1085,10.85%,4
792,"Cholesterol_Chol_Normal, Diabetes_No, Height_Height_180_190",0.1085,10.85%,3
793,"BMI_BMI_Overweight, Diabetes_No, Smoking_No, Temperature_Temp_Normal",0.1085,10.85%,4
794,"Blood Type_B, Cholesterol_Chol_Normal, Diabetes_No, Smoking_No",0.1083,10.83%,4
795,"Blood Type_O, Cholesterol_Chol_Normal, Diabetes_No, Temperature_Temp_Normal",0.1083,10.83%,4
796,"Diabetes_No, Heart Rate_HR_Normal, Weight_Weight_80_90",0.1083,10.83%,3
797,"BMI_BMI_Normal, Blood Pressure_BP_Normal, Cholesterol_Chol_Normal, Diabetes_No",0.1082,10.82%,4
798,"Diabetes_No, Height_Height_170_180, Smoking_No, Temperature_Temp_Normal",0.1082,10.82%,4
799,"Diabetes_No, Heart Rate_HR_Normal, Weight_Weight_40_50",0.1082,10.82%,3
800,"Cholesterol_Chol_Normal, Heart Rate_HR_High, Smoking_No",0.1082,10.82%,3
801,"Blood Pressure_BP_Normal, Blood Type_AB, Heart Rate_HR_Normal",0.1081,10.81%,3
802,"BMI_BMI_Underweight, Gender_Male, Temperature_Temp_Normal",0.108,10.8%,3
803,"Blood Type_A, Diabetes_No, Gender_Male",0.108,10.8%,3
804,"Cholesterol_Chol_Normal, Heart Rate_HR_High, Temperature_Temp_Normal",0.108,10.8%,3
805,"BMI_BMI_Overweight, Cholesterol_Chol_Normal, Diabetes_No",0.1079,10.79%,3
806,"BMI_BMI_Normal, Blood Pressure_BP_Normal, Diabetes_No, Smoking_No, Temperature_Temp_Normal",0.1079,10.79%,5
807,"Age_Age_23_27, Gender_Female, Heart Rate_HR_Normal",0.1076,10.76%,3
808,"BMI_BMI_Underweight, Gender_Female, Temperature_Temp_Normal",0.1076,10.76%,3
809,"Diabetes_No, Height_Height_180_190, Smoking_No, Temperature_Temp_Normal",0.1076,10.76%,4
810,"Blood Type_A, Diabetes_No, Gender_Female",0.1075,10.75%,3
811,"BMI_BMI_Normal, Cholesterol_Chol_Normal, Diabetes_No, Heart Rate_HR_Normal, Smoking_No",0.1075,10.75%,5
812,"BMI_BMI_Obese, Blood Pressure_BP_Normal",0.1074,10.74%,2
813,"Age_Age_18_22, Blood Pressure_BP_Normal, Cholesterol_Chol_Normal",0.1074,10.74%,3
814,"Blood Pressure_BP_Normal, Blood Type_A, Heart Rate_HR_Normal",0.1073,10.73%,3
815,"Age_Age_28_34, Blood Pressure_BP_Normal, Diabetes_No, Gender_Male",0.1073,10.73%,4
816,"Blood Type_B, Cholesterol_Chol_Normal, Diabetes_No, Temperature_Temp_Normal",0.1072,10.72%,4
817,"Blood Type_AB, Diabetes_No, Gender_Female",0.1072,10.72%,3
818,"Blood Type_A, Cholesterol_Chol_Normal, Diabetes_No, Smoking_No",0.1071,10.71%,4
819,"Age_Age_23_27, Blood Pressure_BP_Normal, Smoking_No, Temperature_Temp_Normal",0.1071,10.71%,4
820,"Age_Age_28_34, Blood Pressure_BP_Normal, Diabetes_No, Gender_Female",0.107,10.7%,4
821,"Age_Age_18_22, Gender_Female, Heart Rate_HR_Normal",0.107,10.7%,3
822,"BMI_BMI_Obese, Heart Rate_HR_Normal, Smoking_No",0.1069,10.69%,3
823,"Blood Type_AB, Cholesterol_Chol_Normal, Diabetes_No, Smoking_No",0.1068,10.68%,4
824,"Age_Age_18_22, Gender_Male, Heart Rate_HR_Normal",0.1066,10.66%,3
825,"BMI_BMI_Underweight, Cholesterol_Chol_Normal, Smoking_No, Temperature_Temp_Normal",0.1066,10.66%,4
826,"Cholesterol_Chol_Borderline, Diabetes_No, Gender_Male, Smoking_No",0.1065,10.65%,4
827,"Age_Age_28_34, BMI_BMI_Normal, Smoking_No",0.1065,10.65%,3
828,"Blood Pressure_BP_Normal, Cholesterol_Chol_Normal, Gender_Male, Heart Rate_HR_Normal, Smoking_No",0.1064,10.64%,5
829,"Age_Age_18_22, Blood Pressure_BP_Normal, Smoking_No, Temperature_Temp_Normal",0.1063,10.63%,4
830,"Age_Age_23_27, Gender_Male, Heart Rate_HR_Normal",0.1063,10.63%,3
831,"Age_Age_28_34, BMI_BMI_Normal, Temperature_Temp_Normal",0.1062,10.62%,3
832,"Age_Age_28_34, Diabetes_No, Gender_Male, Heart Rate_HR_Normal, Smoking_No",0.1061,10.61%,5
833,"Cholesterol_Chol_Borderline, Diabetes_No, Gender_Female, Smoking_No",0.106,10.6%,4
834,"Blood Pressure_BP_Normal, Cholesterol_Chol_Normal, Gender_Female, Heart Rate_HR_Normal, Smoking_No",0.106,10.6%,5
835,"Age_Age_23_27, Blood Pressure_BP_Normal, Cholesterol_Chol_Normal",0.1059,10.59%,3
836,"Age_Age_23_27, Cholesterol_Chol_Normal, Heart Rate_HR_Normal, Smoking_No",0.1059,10.59%,4
837,"Blood Pressure_BP_Normal, Cholesterol_Chol_Borderline, Heart Rate_HR_Normal, Smoking_No",0.1058,10.58%,4
838,"Age_Age_18_22, Cholesterol_Chol_Normal, Heart Rate_HR_Normal, Smoking_No",0.1058,10.58%,4
839,"Blood Pressure_BP_Normal, Diabetes_No, Height_Height_150_160",0.1057,10.57%,3
840,"Blood Pressure_BP_High, Heart Rate_HR_Normal, Smoking_No",0.1055,10.55%,3
841,"Blood Pressure_BP_Normal, Blood Type_B, Diabetes_No, Smoking_No",0.1054,10.54%,4
842,"BMI_BMI_Underweight, Heart Rate_HR_Normal, Weight_Weight_40_50",0.1054,10.54%,3
843,"Blood Pressure_BP_Normal, Diabetes_No, Smoking_Yes",0.1053,10.53%,3
844,"Blood Pressure_BP_Normal, Heart Rate_HR_High, Smoking_No",0.1053,10.53%,3
845,"Diabetes_No, Heart Rate_HR_Normal, Height_Height_160_170, Smoking_No",0.1051,10.51%,4
846,"BMI_BMI_Normal, Cholesterol_Chol_Normal, Diabetes_No, Heart Rate_HR_Normal, Temperature_Temp_Normal",0.1051,10.51%,5
847,"Blood Pressure_BP_Normal, Cholesterol_Chol_Borderline, Heart Rate_HR_Normal, Temperature_Temp_Normal",0.105,10.5%,4
848,"Blood Pressure_BP_Normal, Diabetes_No, Height_Height_190_200",0.105,10.5%,3
849,"Gender_Female, Temperature_Temp_Fever",0.105,10.5%,2
850,"Diabetes_No, Heart Rate_HR_Normal, Height_Height_150_160, Smoking_No",0.1049,10.49%,4
851,"Blood Pressure_BP_Normal, Cholesterol_Chol_Normal, Gender_Male, Heart Rate_HR_Normal, Temperature_Temp_Normal",0.1048,10.48%,5
852,"Cholesterol_Chol_Borderline, Diabetes_No, Gender_Male, Temperature_Temp_Normal",0.1047,10.47%,4
853,"Age_Age_28_34, Blood Pressure_BP_Normal, Cholesterol_Chol_Normal, Diabetes_No, Smoking_No",0.1047,10.47%,5
854,"Age_Age_28_34, Diabetes_No, Gender_Female, Heart Rate_HR_Normal, Smoking_No",0.1047,10.47%,5
855,"BMI_BMI_Obese, Heart Rate_HR_Normal, Temperature_Temp_Normal",0.1046,10.46%,3
856,"Blood Type_A, Cholesterol_Chol_Normal, Diabetes_No, Temperature_Temp_Normal",0.1045,10.45%,4
857,"Blood Pressure_BP_Normal, Diabetes_No, Height_Height_180_190",0.1045,10.45%,3
858,"Blood Pressure_BP_Normal, Diabetes_No, Height_Height_160_170",0.1045,10.45%,3
859,"Blood Pressure_BP_Normal, Diabetes_No, Height_Height_170_180",0.1044,10.44%,3
860,"Blood Pressure_BP_Normal, Blood Type_O, Diabetes_No, Temperature_Temp_Normal",0.1043,10.43%,4
861,"Age_Age_28_34, Diabetes_No, Gender_Male, Heart Rate_HR_Normal, Temperature_Temp_Normal",0.1043,10.43%,5
862,"Blood Pressure_BP_Normal, Blood Type_O, Diabetes_No, Smoking_No",0.1042,10.42%,4
863,"BMI_BMI_Overweight, Blood Pressure_BP_Normal, Diabetes_No",0.1041,10.41%,3
864,"Gender_Male, Temperature_Temp_Fever",0.1041,10.41%,2
865,"Age_Age_18_22, Cholesterol_Chol_Normal, Heart Rate_HR_Normal, Temperature_Temp_Normal",0.1041,10.41%,4
866,"Blood Pressure_BP_Normal, Cholesterol_Chol_Normal, Gender_Female, Heart Rate_HR_Normal, Temperature_Temp_Normal",0.1041,10.41%,5
867,"Blood Pressure_BP_Elevated, Diabetes_No, Heart Rate_HR_Normal, Smoking_No",0.1039,10.39%,4
868,"Age_Age_28_34, Blood Type_B",0.1037,10.37%,2
869,"Cholesterol_Chol_Borderline, Diabetes_No, Gender_Female, Temperature_Temp_Normal",0.1036,10.36%,4
870,"Diabetes_No, Heart Rate_HR_Normal, Height_Height_190_200, Smoking_No",0.1036,10.36%,4
871,"Blood Type_AB, Cholesterol_Chol_Normal, Diabetes_No, Temperature_Temp_Normal",0.1035,10.35%,4
872,"Age_Age_28_34, Blood Pressure_BP_Normal, Cholesterol_Chol_Normal, Diabetes_No, Temperature_Temp_Normal",0.1033,10.33%,5
873,"BMI_BMI_Underweight, Gender_Male, Heart Rate_HR_Normal",0.1033,10.33%,3
874,"Diabetes_No, Heart Rate_HR_Normal, Height_Height_160_170, Temperature_Temp_Normal",0.1032,10.32%,4
875,"Cholesterol_Chol_Normal, Smoking_No, Temperature_Temp_Fever",0.1031,10.31%,3
876,"Blood Pressure_BP_Normal, Heart Rate_HR_High, Temperature_Temp_Normal",0.1031,10.31%,3
877,"Blood Pressure_BP_Normal, Blood Type_B, Diabetes_No, Temperature_Temp_Normal",0.103,10.3%,4
878,"Cholesterol_Chol_Normal, Weight_Weight_50_60",0.103,10.3%,2
879,"Blood Pressure_BP_Normal, Blood Type_AB, Diabetes_No, Smoking_No",0.103,10.3%,4
880,"Blood Pressure_BP_High, Heart Rate_HR_Normal, Temperature_Temp_Normal",0.1029,10.29%,3
881,"BMI_BMI_Underweight, Blood Pressure_BP_Normal, Cholesterol_Chol_Normal",0.1029,10.29%,3
882,"Age_Age_23_27, Cholesterol_Chol_Normal, Heart Rate_HR_Normal, Temperature_Temp_Normal",0.1029,10.29%,4
883,"Age_Age_28_34, Diabetes_No, Gender_Female, Heart Rate_HR_Normal, Temperature_Temp_Normal",0.1028,10.28%,5
884,"BMI_BMI_Overweight, Diabetes_No, Heart Rate_HR_Normal, Smoking_No",0.1028,10.28%,4
885,"Diabetes_No, Heart Rate_HR_Normal, Height_Height_180_190, Smoking_No",0.1026,10.26%,4
886,"Age_Age_18_22, Diabetes_No, Gender_Female, Smoking_No",0.1026,10.26%,4
887,"BMI_BMI_Normal, Blood Pressure_BP_Normal, Diabetes_No, Heart Rate_HR_Normal, Smoking_No",0.1024,10.24%,5
888,"Diabetes_No, Heart Rate_HR_Normal, Height_Height_170_180, Smoking_No",0.1024,10.24%,4
889,"Age_Age_23_27, Diabetes_No, Gender_Female, Smoking_No",0.1024,10.24%,4
890,"Diabetes_No, Heart Rate_HR_Normal, Height_Height_150_160, Temperature_Temp_Normal",0.1023,10.23%,4
891,"Cholesterol_Chol_Normal, Weight_Weight_70_80",0.1023,10.23%,2
892,"Blood Type_B, Cholesterol_Chol_Normal, Diabetes_No, Heart Rate_HR_Normal",0.1023,10.23%,4
893,"Smoking_No, Temperature_Temp_Normal, Weight_Weight_90_100",0.1022,10.22%,3
894,"Cholesterol_Chol_Normal, Weight_Weight_90_100",0.1022,10.22%,2
895,"Smoking_No, Temperature_Temp_Normal, Weight_Weight_70_80",0.1021,10.21%,3
896,"Age_Age_23_27, Blood Pressure_BP_Normal, Heart Rate_HR_Normal, Smoking_No",0.1019,10.19%,4
897,"Diabetes_No, Heart Rate_HR_Normal, Smoking_Yes, Temperature_Temp_Normal",0.1019,10.19%,4
898,"Smoking_No, Temperature_Temp_Normal, Weight_Weight_60_70",0.1019,10.19%,3
899,"BMI_BMI_Underweight, Gender_Female, Heart Rate_HR_Normal",0.1019,10.19%,3
900,"Smoking_No, Temperature_Temp_Normal, Weight_Weight_50_60",0.1018,10.18%,3
901,"Blood Type_O, Cholesterol_Chol_Normal, Diabetes_No, Heart Rate_HR_Normal",0.1018,10.18%,4
902,"Age_Age_28_34, Cholesterol_Chol_Normal, Diabetes_No, Heart Rate_HR_Normal, Smoking_No, Temperature_Temp_Normal",0.1018,10.18%,6
903,"BMI_BMI_Underweight, Blood Pressure_BP_Normal, Smoking_No, Temperature_Temp_Normal",0.1018,10.18%,4
904,"Blood Type_B, Diabetes_No, Heart Rate_HR_Normal, Smoking_No, Temperature_Temp_Normal",0.1018,10.18%,5
905,"Blood Type_O, Diabetes_No, Heart Rate_HR_Normal, Smoking_No, Temperature_Temp_Normal",0.1018,10.18%,5
906,"BMI_BMI_Underweight, Cholesterol_Chol_Normal, Heart Rate_HR_Normal, Smoking_No",0.1017,10.17%,4
907,"BMI_BMI_Normal, Blood Pressure_BP_Normal, Diabetes_No, Heart Rate_HR_Normal, Temperature_Temp_Normal",0.1017,10.17%,5
908,"Age_Age_28_34, BMI_BMI_Underweight, Diabetes_No",0.1017,10.17%,3
909,"Blood Pressure_BP_Normal, Blood Type_A, Diabetes_No, Smoking_No",0.1017,10.17%,4
910,"Age_Age_23_27, Diabetes_No, Gender_Male, Smoking_No",0.1016,10.16%,4
911,"BMI_BMI_Normal, Cholesterol_Chol_Borderline",0.1016,10.16%,2
912,"Diabetes_No, Heart Rate_HR_Normal, Height_Height_170_180, Temperature_Temp_Normal",0.1015,10.15%,4
913,"BMI_BMI_Normal, Gender_Female, Smoking_No, Temperature_Temp_Normal",0.1015,10.15%,4
914,"Age_Age_28_34, Blood Type_O",0.1014,10.14%,2
915,"BMI_BMI_Normal, Cholesterol_Chol_Normal, Gender_Female",0.1014,10.14%,3
916,"Blood Pressure_BP_Elevated, Diabetes_No, Heart Rate_HR_Normal, Temperature_Temp_Normal",0.1014,10.14%,4
917,"BMI_BMI_Overweight, Diabetes_No, Heart Rate_HR_Normal, Temperature_Temp_Normal",0.1013,10.13%,4
918,"Cholesterol_Chol_Normal, Weight_Weight_40_50",0.1013,10.13%,2
919,"Age_Age_18_22, Blood Pressure_BP_Normal, Heart Rate_HR_Normal, Smoking_No",0.1012,10.12%,4
920,"Smoking_No, Temperature_Temp_Normal, Weight_Weight_40_50",0.1012,10.12%,3
921,"Smoking_No, Temperature_Temp_Normal, Weight_Weight_80_90",0.101,10.1%,3
922,"Cholesterol_Chol_Normal, Weight_Weight_60_70",0.101,10.1%,2
923,"Blood Pressure_BP_Normal, Blood Type_AB, Diabetes_No, Temperature_Temp_Normal",0.101,10.1%,4
924,"BMI_BMI_Normal, Cholesterol_Chol_Normal, Gender_Male",0.101,10.1%,3
925,"Age_Age_28_34, Blood Type_A",0.1009,10.09%,2
926,"Age_Age_18_22, Diabetes_No, Gender_Female, Temperature_Temp_Normal",0.1009,10.09%,4
927,"Diabetes_No, Heart Rate_HR_Normal, Height_Height_180_190, Temperature_Temp_Normal",0.1008,10.08%,4
928,"Diabetes_No, Heart Rate_HR_Normal, Height_Height_190_200, Temperature_Temp_Normal",0.1008,10.08%,4
929,"Age_Age_23_27, Blood Pressure_BP_Normal, Heart Rate_HR_Normal, Temperature_Temp_Normal",0.1007,10.07%,4
930,"Cholesterol_Chol_Normal, Weight_Weight_80_90",0.1007,10.07%,2
931,"BMI_BMI_Underweight, Diabetes_No, Smoking_No, Weight_Weight_40_50",0.1007,10.07%,4
932,"BMI_BMI_Normal, Gender_Male, Smoking_No, Temperature_Temp_Normal",0.1005,10.05%,4
933,"Blood Type_A, Cholesterol_Chol_Normal, Diabetes_No, Heart Rate_HR_Normal",0.1005,10.05%,4
934,"Age_Age_18_22, Diabetes_No, Gender_Male, Smoking_No",0.1004,10.04%,4
935,"Age_Age_28_34, BMI_BMI_Normal, Heart Rate_HR_Normal",0.1004,10.04%,3
936,"Blood Type_A, Diabetes_No, Heart Rate_HR_Normal, Smoking_No, Temperature_Temp_Normal",0.1003,10.03%,5
937,"Age_Age_23_27, Diabetes_No, Gender_Female, Temperature_Temp_Normal",0.1001,10.01%,4
938,"Cholesterol_Chol_Borderline, Diabetes_No, Gender_Male, Heart Rate_HR_Normal",0.1,10.0%,4
